package-id,website
psychic.love.reading,psychicpredictions.jimdo.com/
com.myflexifit.app,www.auro.fit/
com.mcdonalds.android,www.mcdonalds.es/
com.arivmarketplace.ordering,www.arivondemand.com/
com.adknown.dungeonminerquest,adknown.com/
com.adknown.blockfall,adknown.com/
crypto.savedroid,www.savedroid.com/
com.richshapero.tfma,toofarmedia.com/
com.fungames.game.westerncasino,www.swing2app.co.kr/
com.zeus.cookiecrush.cookiesmash,sites.google.com/
com.amazon.mShop.android.shopping,www.amazon.co.jp/
com.starbucks.mobilecard,www.starbucks.com/
com.ultimateguides.dota.underlords,raw.githubusercontent.com/
com.snowrunner,ramonleonardo2013.com.br/
com.zulily.android,www.zulily.com/
org.mobsports,mobsports.org/
com.albosdevelopment.albosdkt,mobsports.org/
com.houserescue,ramonleonardo2013.com.br/
com.saranyu.shemarooworld,www.shemaroome.com/
io.snowballgames.yatzy,www.snowballgames.io/
com.enflick.android.TextNow,www.textnow.com/
com.app.challvia,challvia.com/
com.interwappmaineetten,www.freeprivacypolicy.com/
mappstreet.antitheftinc,www.mappstreet.com/
com.cashappforcoc,dailycashwalletpp.blogspot.com/
com.PMStudios.Scacciarischi2,www.scacciarischi.it/
com.spaceboss,jeanmonyson.com.br/
com.yollacalls,yollacalls.com/
com.gazzappergames.milliplode.millipede,www.gazzapper.com/
com.GamesToTop.FireBullet,virtualappservices.blogspot.com/
com.moonton.mobilehero,aihelp.net/
hipsto.bitcoin.app,hipsto.global/
com.adknown.circlecircle,adknown.com/
com.horoscopeclub,horoscopeclub.app/
places.explorer.nearby,Places-Explorer.com/
com.zhekapps.batterysaver,Places-Explorer.com/
com.texaspokcerstyli.cons,sites.google.com/
com.studio.paradise,www.ileadsoft.com/
com.kaviyabuilders.DrawLineBounce,www.freeprivacypolicy.com/
taxi.android.client,www.mytaxi.com/
com.soccer.score,www.gamzplay.com/
com.parkflowuk.parklook,parklook.com/
com.activehours,www.earnin.com/
app.cruise.com,cruisetaxiapp.com/
com.crazybirds,constructdevelopers.com.br/
com.camera.galaxyx,bearbellablog.wordpress.com/
com.redkoala.colorbounce,color-bounce-jump-ma.flycricket.io/
xyz.wildoapps.superbounce,hypbounceprivacypolicy.blogspot.com/
online.appflame.app,appflame.online/
com.travelsher,www.travelsher.com/
com.gspl.touchmerun,geterewards.com/
com.accor.appli.hybrid,www.accorhotels.com/
com.ukbooks.store,bookstores.app/
com.xtaypro.android,xtaypro.com/
com.freevegasslotmachincess.com,sites.google.com/
eu.vialet.app,www.vialet.eu/
dog.training.whistle,www.inspiredogs.com/
com.taggedapp,www.tagged.com/
com.adknown.highspeedheist,adknown.com/
com.nemo.mergepet,www.ileadsoft.com/
com.app.ukshppping,www.shopstores.co.uk/
com.naturalmotion.customstreetracer2,www.naturalmotion.com/
com.goTwoTop,go2toppanel.com/
com.Friendlo.App.Final,friendlify.xyz/
com.towbdev.towbmusic,towbmusic.com/
net.lovelymo.app,www.lovelymo.net/
com.augmetic.chowkidar,augmeticinfotech.com/
com.onlinelivechannels.freeapp,onlinelivechannels.com/
air.com.ironhorse.idlesword2mobile,www.ironhorsegames.org/
com.castles.today,www.castles.today/
com.epsilonmobile.dice,www.mydice.live/
de.foodora.android,www.foodora.com/
com.hearts.jo,www.foodora.com/
com.adknown.pixeldefender,www.adknown.com/
com.ckenterprises.easyQR.scanner,ckenterprises.me/
com.win.flix,geterewards.com/
com.jonathan.stackit,geterewards.com/
net.ilius.android.meetic,touch.meetic.fr/
sk.kyzek.guess_lite,www.kyzek.sk/
com.bamigames.pandabubble,bamigames.xyz/
com.game.arcade.galaxy.war.shooting,docs.google.com/
com.isoftapps.maxplayerprovideoplayer,sites.google.com/
com.gb.istandwithrefugees,ec2-34-207-107-248.compute-1.amazonaws.com/
com.rhapsodyreader,rhapsodyofrealities.org/
com.nguyentaihoa.cookiecrush.cookiegamefreepuzzle,mvtuts.com/
com.lonewolfinteractive.lightSpeedRacer,lonewolfinteractive.com/
com.netus.deeply,deeplyapp.com/
com.technosiblings.paintit2d,technosiblings.com/
com.trpz.travel,www.rewardifynow.com/
com.ifun.magichero,www.ileadsoft.com/
online.luckyminer.app,luckyminer.online/
com.igg.castleclash_fr,www.igg.com/
org.adadventure.piratebay,adadventure.org/
com.jumptheque.jumptheque,www.jumptheque.ae/
com.bigtoken.consumer,bigtoken.com/
com.magicspell.colortwist,quickappninja.com/
games.netgenstudio.penciler,androidgameprivacypolicy.blogspot.com/
com.d4b.sixteenhundred,www.defore-burdine.com/
com.thesilverlabs.rumbl,rumbl.me/
com.news.break.south.africa,appyet.com/
com.eatrytte.android,www.websitepolicies.com/
com.desigames.pool,www.miillc.us/
com.adknown.vengeancefighters,adknown.com/
com.adknown.fireballrush,adknown.com/
com.i2olshop.videodownloaderforfacebook,i2olshopprivacypolicy.blogspot.com/
com.sharhantv.iptv,i2olshopprivacypolicy.blogspot.com/
draw.one.line.puzzle.game.fun,ehub-games.blogspot.com/
com.app.Immerch,www.immerch.com/
com.analogpresent.biggunsnchickens,sites.google.com/
fx.arb.com,www.fx-arb.com/
com.sixt.reservation,www.sixt.de/
com.amctve.amcfullepisodes,www.amc.com/
com.cambiat.stickerapp,cambiat.enterprises/
com.quizclub.app,github.com/
measure.sound.levels,www.HouseOfPubs.com/
com.tigapo.play,www.tigapo.com/
pl.BE5T,bo5.pl/
com.axiompph.ripae,www.ripaevisacard.com/
com.pluggdd.drunklocker,pluggdd.com/
com.SK.SuperHexagon,steelkrill.com/
com.messenger.app.messenger.messenger,s3-ap-southeast-1.amazonaws.com/
mobi.mateam.news.science,s3-ap-southeast-1.amazonaws.com/
com.cleartrip.android,www.cleartrip.com/
com.andromo.dev859449.app985816,www.gpacana.com/
com.mediatrenz_android.work2go,work2go.info/
com.kobobooks.android.fnac,www.fnac.com/
com.TironiumTech.IdlePlanetMiner,www.ironhorsegames.org/
ru.aviasales.prymeo,www.prymeo.com/
com.winpeer,www.junntar.com/
com.nemo.runningpuppy,www.ileadsoft.com/
com.dsmedia.countsteps,digitalsightmedia.com/
com.addictionsoin.onlinespins.allbonuslimitless.funapp,www.freeprivacypolicy.com/
com.autokit,www.autokit.com/
com.yamaappspolicescanner.police.scanner.radio.fire.emergency.alerts,goo.gl/
com.VulkanoGames.ConvAI,www.freeprivacypolicy.com/
com.uscope.photoid,www.uscopecorp.com/
com.com2us.ninepb3d.normal.freefull.google.global.android.common,www.withhive.com/
com.videostation.videochatguide,videostationprivacy.blogspot.com/
com.yabb,www.yabb.com/
com.binatebits.hunt,www.huntnbuddyapp.com/
com.csafe,contactsafe.org/
com.thecachewallet.cache,thecachewallet.com/
com.mojodigi.smartcamscanner,mojodigitech.com/
com.fundisgame.espwaypolice,docs.google.com/
com.adsoftware.nightwarrior,www.freeprivacypolicy.com/
com.brainbow.peak.app,www.peak.net/
bang.Company.tank,www.termsfeed.com/
com.fiton.android,fitonapp.com/
com.snowthority,snowthority.com/
com.stcity.sharpkni,snowthority.com/
com.zynga.words,zyngasupport.helpshift.com/
com.abi.balls.blockshooter,onesoft.com.vn/
com.eyekandy.ar.walmart,www.eyekandy.com/
com.jotform.v2,www.jotform.com/
com.timeviewer.tv,www.beinmedia.com/
com.qlevers.kijang,www.qlevers.id/
com.rbauction.RitchieBros,www.rbauction.com/
com.digitalgamesapp.musicgameapp,gurmeetweb.com/
com.drapplabs.breakme,myprivacyrule.blogspot.com/
com.zugsoft.bralme2,www.zugsoft.com/
com.webmarketing.exxonmpl,www.exxon.com/
com.wMineTube_9419396,minetubeandroidapp.blogspot.com/
com.morksvpnnew.premiumvpn,morkvpn2020.blogspot.com/
com.mobilexpression.ltvpnb,www.mobilexpression.com/
com.mobilead.freehdwallpaper,www.cmcm.com/
app.bitfreezer.wallet,bitfreezer.app/
com.creatureapps.videocallandchatguide,creatureappsprivacy.blogspot.com/
com.adsoftware.runnerdead,www.freeprivacypolicy.com/
com.onefinance.loans,telegra.ph/
com.real.slots.casino.reviews,telegra.ph/
com.oppaunnie.wallpapers,sites.google.com/
com.sarkms.cclib,www.sarkmobilesolutions.com/
com.yapa,yapaapp.com/
com.gamehunt.ddt,gamehunt.asia/
com.quicksum,jeanmonyson.com.br/
com.bradesco,www.bradesco.com.br/
com.Elflaco.CityRunner,unity3d.com/
com.momatu.android,momatu.com/
com.gigcarshare,gigcarshare.com/
com.andromo.dev802431.app929581,www.worthy-works.com/
com.bluerayapps.android.cubecube,www.worthy-works.com/
com.getcheapbeer,www.getcheapbeer.com/
com.real.money.casinos.game.guide,www.freeprivacypolicy.com/
com.junsoft.tankwar,www.junsoft.org/
de.mcoins.fitplay,www.fitplay.info/
com.playtika.wsop.gp,www.playtika.com/
de.jomedia.FlappyFly,jomedia.de/
in.droom,droom.in/
com.realcallerid.calleridfree,realcallerid.com/
com.camshare.camfrog.android,www.camfrog.com/
es.vodafone.mobile.mivodafone,www.vodafone.es/
com.kartrancig,constructdevelopers.com.br/
com.gibcorp.oneshot,constructdevelopers.com.br/
com.masterorder,masterorder.net/
com.kinder.natoons,kinder.co/
com.audible.application,www.audible.com/
com.flirtchat.appsupersonic,www.appsupersonic.com/
com.babyangelgames.fruitscoloringbook,babyangelgames.blogspot.com/
air.com.ayopagames.logicdotsandroid,www.ayopagames.com/
com.hoochapp.hooch,hooch.co/
air.com.playtika.slotomania,www.slotomania.com/
com.vespainteractive.KingsRaid,www.kingsraid.com/
com.enfeel.MMR,www.enfeel.com/
com.megabitegaming.raidarea51,www.enfeel.com/
com.adknown.plunge,adknown.com/
com.shping,www.shping.com/
de.immowelt.android.immobiliensuche,www.immowelt.de/
ar.com.joseluiszerillo.comoviajo,www.joseluiszerillo.com.ar/
com.mengmi.abyss,fb.me/
me.ibrahimsn.applock,materialock.com/
com.mobivate.airplaneracer2,www.mobivapps.com/
com.tabuu.android,www.gotabuu.com/
com.LunarInteractiveArts.FrankieRiseUp,frankie-rise-up.flycricket.io/
com.lacas.saveyourlife,sylapp.com/
com.cubesrush.park,www.ileadsoft.com/
mappstreet.freestreet,www.mappstreet.com/
com.dgoerr.blackjack,cologne-media.com/
org.godotengine.trickydodges,alariann.itch.io/
com.friendstudioinc.reedadventures,www.webelinx.com/
com.vpnprivate.vbappstwo,freeturbovpn.com/
com.kilofasting,dofasting.com/
us.vpncowboy,vpncowboy.com/
com.mimo.clickathlon,clickathlon.app/
air.com.mindhut.toothfairyadventures,www.mindhut.games/
com.jgdelval.rutando.productosM,www.mproductocertificado.es/
com.ncanvas.daytalk,daytalk.co.kr/
com.mgamesm.gmaniag,bit.ly/
com.cron.croncleaner,cron-apps.com/
uk.co.which.reviews,www.which.co.uk/
com.ninkasi.animewallpaper,darkweb.co.in/
com.kartik.deconstruct,www.freeprivacypolicy.com/
com.FirePathGames.Roader,www.firepathgames.com/
com.gg.moduleTd2,moduletd.com/
com.tdplay.crazyarrow,www.freeprivacypolicy.com/
com.blackwhitee,jeanmonyson.com.br/
com.mmg.bozo,docs.google.com/
com.ishare.manufacture,www.ileadsoft.com/
com.boolgame.sniper,boolgame.blogspot.com/
com.bmb.bookmebarber,www.bookmebarber.com/
in.sweatco.app,sweatco.in/
com.adknown.veggiefarmfrenzy,www.adknown.com/
org.commongames.sweethaven,sweet-haven.flycricket.io/
com.rewardstash.app,www.rewardstash.com/
com.ironhorsegames.idleherodefensefantasydefensetd,www.ironhorsegames.org/
com.adknown.endlesschickens,www.adknown.com/
ru.tinkoff.investing,www.tinkoff.ru/
com.social.watchme,differenzuat.com/
com.adknown.catchyball,adknown.com/
com.app.fansunleashed,www.fansunleashed.com/
com.babbel.mobile.android.en,pl.babbel.com/
com.adknown.acrosstheroad,www.adknown.com/
com.Last.World.News_24,www.koimano.com/
com.takimi.android,taimi.com/
com.adknown.tileshield,adknown.com/
com.joshshen.theman,production.f24sf63wwv.eu-west-1.elasticbeanstalk.com/
c.offerak.speedshopper,www.speedshopperapp.com/
com.OldBaldInteractive.RotarysFree,obinteractive.com/
pl.apg.glowbox,apgsoftware.pl/
com.adknown.bigheadsoccer,adknown.com/
com.farmcrowdy.farmcrowdyfarmers,farmcrowdy.com/
com.pearapi.pearup,app.termly.io/
personal.finance.budget.manager.save.money.expense.tracker.spend.debt.free,www.expensebit.com/
com.adknown.gummyrush,adknown.com/
com.madbarz.madbarzApp,www.madbarz.com/
io.triviata,triviata.io/
msmary.edu.fivecarddraw,triviata.io/
ae.atpm.salesofficerapp,www.atpm.ae/
gaming.toha_arcade.save_rocket,www.atpm.ae/
me.clearwaterapps.stackahouse,www.atpm.ae/
com.socialnet234.app,www.234socialnet.com/
com.iplay.racingcar,www.ileadsoft.com/
com.aniplex.fategrandorder.en,fate-go.us/
com.entregoo.entregoo,entregoo.com/
com.myyearbook.m,www.meetme.com/
com.hypermania.merge.tower.bots,hyper-mania.com/
com.sunnypalmtree.ck_episode_01,sunnypalmtreestudio.com/
com.navarella,www.navarella.com/
com.linkdesks.slotking,www.linkdesks.com/
com.spareroom.spareroomuk,www.spareroom.co.uk/
pl.polregio,polregio.pl/
com.funnytvapp.funnyvideos,topchefcooking.com/
com.aaptiv.android,www.aaptiv.com/
com.phpmalik.wallzyPro,phpmalik.com/
com.dipan.feelingtouch.zwar,www.feelingtouch.com/
com.hearty.me,goo.gl/
com.bestinspirational.quotes,www.ciamedia.com/
uk.dbarton.android.talentCalculator,www.ciamedia.com/
com.app.rondevo,approndevo.com/
com.skrapscointracker,skraps.io/
com.ncp.ncpmobile,ncponline.com/
com.gamelife.videodownloaderx,app.toolbag.top/
com.ilike.escaping,www.ileadsoft.com/
com.joingo.rvrs,www.joingo.com/
space.blam.bb3,blamapps2018.blogspot.com/
com.d3p.mpq,www.d3go.com/
com.blackside.gravedigger,blacksidegames.com/
com.fillinappenfree,alfunstuff.com/
com.app.android.dentulu,www.dentulu.com/
com.mediamol.unicorn,www.qp-king.com/
com.headuplabs,headuplabs.com/
com.cheetahvpn.android,www.vpnliebao.com/
com.shefaltd.fatburningfoods,nebula.000webhostapp.com/
com.inkshared.banderas_del_mundo_quiz,app.inkshared.com/
com.quizparty.app,github.com/
com.app.oryxreuserside,www.oryxhub.com/
com.Golden.DinoABC,github.com/
com.slovegsftefreestylestyl.com,sites.google.com/
com.wellnessliving.achieve,www.wellnessliving.com/
com.mutua.mutua,www.mutua.es/
com.voicefive.mms,www.mymobilesecure.com/
com.jinito,www.jinitto.com/
com.singleton.starttap1,www.singletongames.com/
com.buddymaze.messenger,buddymaze.com/
com.rakainc.englishtobangladictionary,nebula.000webhostapp.com/
com.skwigl.colorwithflags,skwigl.com/
pl.zlotewyprzedaze,veepee.pl/
com.amazon.mp3,amazon.com/
com.v4yu,alldevcode.com/
com.cjelliott.tunnel,cjelliott.com/
com.phrendly,www.phrendly.com/
mappstreet.funny_jump,www.mappstreet.com/
net.MasqueradeMedia.Romantasia,www.masquerademedia.net/
com.tencent.tmgp.sskeus,sskotz.gtarcade.com/
com.applocationof.bsonosn,www.freeprivacypolicy.com/
com.migdal.migdalcustomers,www.migdal.co.il/
com.kareemelmadi.tankgame,www.freeprivacypolicy.com/
bitcoinflip.flip,bitcoinflip.app/
com.Brolix.Brolix,www.brolix.com/
com.yota.yotaapps,www.yotaglobal.com/
com.gamzplay.checkers,gamzplay.com/
com.mediasolution4you.audiozone,www.audiozone.net/
com.oneshott.freddiemercurystickerss,sites.google.com/
com.starhunter,nantediamante81.com.br/
com.adknown.aerius,adknown.com/
de.johannschoene.simplenumbershare,www.iubenda.com/
com.yaisnGamerStudios.ColorMatcherTapper,colormatchertapper.blogspot.com/
com.wearesosure,wearesosure.com/
com.scorp.who,zazar-e5379.firebaseapp.com/
com.appynation.wbpc,www.appynation.com/
com.malcom.spiderkidrun2,www.newreleasegames.com/
com.pandorax.runchicken,www.pandorax.biz/
com.dhkj.seaice,www.szdianhai.com/
com.liveconcordia.pecs,liveconcordia.com/
com.educationonline.bangladictionary,nebula.000webhostapp.com/
com.miHoYo.bh3global,www.global.honkaiimpact3.com/
com.upst.hayu,www.hayu.com/
mappstreet.gerdooter,www.mappstreet.com/
com.watchback2.android,www.watchback.com/
com.carshoww,constructdevelopers.com.br/
haygot.togyah.app,www.toppr.com/
com.candycookie,constructdevelopers.com.br/
pl.ficode.games.crazy.captain,crazy-captain.com/
com.anne.music.downloader,annemusic.fun/
frank.instagram.unfollow,frank201908.github.io/
com.mindsetnew.free,docs.google.com/
com.rmlsoft.wastelands,www.freeprivacypolicy.com/
org.miao.academy,www.miaoacademy.org/
com.melesta.coffeeshop,www.melesta-games.com/
com.mmm.trebelmusic,www.trebel.io/
com.olymptrade.forex,forex.olymptrade.com/
com.developingbranch.salary,forex.olymptrade.com/
com.nexttrucking.trucker,www.nexttrucking.com/
xyxgame.bazhi2,www.nexttrucking.com/
com.marekm.apicsword,quickappninja.com/
com.lovememory,constructdevelopers.com.br/
com.HG.UnblockStarShip,constructdevelopers.com.br/
info.montrealix.com.mtlxbrowser,www.montrealix.com/
com.fishbrain.app,www.fishbrain.com/
se.maginteractive.worddomination,www.maginteractive.com/
com.EZ.FlashAndDisplay.light,www.freeprivacypolicy.com/
com.acciona.mobility.app,www.acciona-motosharing.com/
com.skytecgames.survival,www.skytecgames.ru/
com.thekonnectapp.thekonnect,Thekonnectapp.com/
com.tipboxmobile.boomboomrocket,tipboxmobile.com/
com.fortwall.free.skin.wallpaper.maker.battleroyale,sites.google.com/
pl.pracuj.android.jobsearcher,www.pracuj.pl/
com.hoteliohub.maxapp,www.getmaxapp.com/
com.sas.HighwayTiger,www.coloringbook2019.club/
mappstreet.lifesaver,www.mappstreet.com/
com.yopeyopey.shmushspin,yopeyopey.com/
com.fruit.candy.puzzle.Kit2020,app-pravite-policy.blogspot.com/
com.ezcreativesuite.finger_art,ezcreativesuite.github.io/
workout.fitness.training.abs.loseweight,bit.ly/
com.planin.glimps,www.glimps.xyz/
air.com.pipastudios.release.praiabingo,www.pipastudios.com/
com.sansaver.coupons.app.android,www.sansaver.com/
in.playsimple.wordtrip,playsimple.in/
com.tommeysgames.fireballsoccer,www.viewmoneyinfo.com/
io.rissana.omra,www.rissana.io/
de.dastelefonbuch.android,www.dastelefonbuch-marketing.de/
com.yelgames.rocketjumperincrease,rocketjumperincrease.blogspot.com/
com.vipon,www.vipon.com/
com.rakainc.moviezone,nebula.000webhostapp.com/
de.rtli.meinchatportal,www.meinchatportal.de/
com.UltraFunGames.VorteX.io,www.meinchatportal.de/
com.capricciohunt.game,capricciohunt.com/
com.thefoodsamurai.foodsamurai,www.thefoodsamurai.com/
com.myhealthchampion.mobile,myhealthchampion.com/
com.novende.spelling,www.novende.com/
com.planetart.fpuk,www.freeprintsapp.co.uk/
com.HolydayStudios.HolydayCityTycoon1,www.holydaystudios.com/
com.midasplayer.apps.diamonddiggersaga,diamonddiggersaga.com/
com.dreame.reader,www.dreame.com/
com.pluto.id,www.hipluto.com/
com.adknown.perfectknife,www.adknown.com/
com.mentormate.android.inboxdollars,www.inboxdollars.com/
co.triller.droid,www.triller.co/
io.scatch.scanapp,www.scatch.io/
com.waitrapp,WaitrApp.com/
com.xebusinesshaven.tafutampenzi,tm.xebusinesshaven.com/
com.beerpong.arcade,8ballpool.games/
mappstreet.cards,www.mappstreet.com/
com.ahmed.homeservices,seyanah-uae.com/
quizmall.app.marketingis,modoostar.com/
com.playstudios.mykonami,www.playstudios.com/
com.world.cup.live.cricket.score.card,policycreator.net/
de.savedroid,www.savedroid.de/
pl.zabka.apb2c,www.zabka.pl/
com.abtnprojects.ambatana,www.letgo.com/
com.booking,www.booking.com/
com.receiptpalapp.android,www.receiptpalapp.com/
air.com.bitrhymes.bingo,gsngames.in/
com.clean.my.phone.booster,cleanmyphoneapp.blogspot.com/
com.kamagames.blackjack,www.blackjackist.com/
com.airdrop.crypto.free.bitcoin.cryptocurrency.coin.free.crypto.airdrops,www.airdrop-crypto.org/
com.tbott.memory,tjbott.com/
com.kobobooks.android.walmart,www.walmart.com/
com.cwallet,xapawallet.com/
com.fiverr.fiverr,www.fiverr.com/
com.kawasaki_audio.arabicalc,ameblo.jp/
com.kathleenOswald.solitaireGooglePlay,zyngasupport.helpshift.com/
com.freepsychicreadingtarot,psychicanoel.wixsite.com/
yw.wemet.emailapp,siccura.com/
com.joshshen.hiscall,production.f24sf63wwv.eu-west-1.elasticbeanstalk.com/
com.mobile.sl.cosmo,www.softlife-mobile.com/
com.oath.flamingo,policies.oath.com/
com.dialog.eld,dialogeld.com/
com.myspinner.mygames,www.dropbox.com/
com.newsmeister,www.newsmeister.com/
mappstreet.ViuT,www.mappstreet.com/
com.wxyz.launcher3.horoscope,hublauncher.com/
com.evogames.slavsforvk,mysterytag.com/
whereareyou.tracker.company,www.dropbox.com/
com.adknown.dunkknights,www.adknown.com/
com.qpidnetwork.dating,www.QpidNetwork.com/
com.jaumo,www.jaumo.com/
com.mars.avgchapters,crazymaplestudio.blogspot.com/
com.waves.mahjongocean,www.231play.com/
crossword.puzzle.crossword,uizdataonline.000webhostapp.com/
com.ptpwallet,ptpwallet.com/
com.testm.app,www.testm.com/
com.clubmalwa.profectuslab.clubmalwaapp,www.clubmalwa.com/
co.urmobi.four.photos.one.word,urmobi.co/
com.DirtBikeVsAtv.RacingGame,tip-top-games.weebly.com/
com.playperia.traficio,tip-top-games.weebly.com/
com.veseystudios.luckylevel,www.veseystudios.com/
com.badfishgame.wordstory,zzz.ileadsoft.cn/
com.perk.scratchandwin.aphone,www.perk.com/
com.sim.cookie.penguin,sunintactmedia.com/
com.connected2.ozzy.c2m,connected2.me/
com.geaxgame.gamezone.texas,oldvegasapi.myslots.us/
com.adknown.acesfly,www.adknown.com/
net.supertreat.solitaire,www.supertreat.net/
com.treebo.starscream,www.treebo.com/
com.tekwdesigns.awesomeshooters,tekwdesignsgames.blogspot.com/
com.stoff.guideforcod,stoffmarketprivacy.blogspot.in/
jp.co.java.gr.petphotodiary,greenfusion.storeinfo.jp/
com.remotearthsolutions.expensetracker,remotearth.solutions/
com.nemo.zooDiary,www.ileadsoft.com/
com.chatmonkeygames.catchingpeas,chatmonkeygames.com/
com.ebookrenta.en_app,www.ebookrenta.com/
com.yeswinapp.eight.eight.eight.reviewapp,www.freeprivacypolicy.com/
com.oneshott.neymarstickers,sites.google.com/
com.funplus.familyfarm,funplus.helpshift.com/
com.alejandro7.tapupgame,alejandro7.com/
com.westernunion.moneytransferr3app.tr,www.westernunion.com/
com.frozenshot,constructdevelopers.com.br/
com.BoltStrikeGames.GoldCollector,sites.google.com/
xyz.wildcatapps.dotsquared,sites.google.com/
com.lumen.app,www.lumenapp.com/
com.crazytoon.racingfever,and2019dev.github.io/
io.storychat,storychat.io/
com.jumpingbunny,constructdevelopers.com.br/
com.com2us.smon.normal.freefull.google.kr.android.common,www.withhive.com/
similfinder.com.aaaaaa,www.similfinder.com/
com.imhabesha.com.app,www.imHABESHA.com/
com.adknown.planetdelivery,adknown.com/
com.ilovegame.happyfamilyfarm,www.ileadsoft.com/
com.telemundo.awe,www.telemundo.com/
com.startup.heimat24,www.heimat24.de/
com.qustodio.qustodioapp,www.qustodio.com/
com.rgue,www.rgueapp.com/
com.visualy.android,privacypolicies.com/
com.adknown.volcanodefense,adknown.com/
com.newchic.client,www.newchic.com/
com.trip.europe,pjani.com/
com.cashkarma.app,www.cashkarma.io/
com.SS.HLD,bit.ly/
com.horo.scopebest,www.freeprivacypolicy.com/
peertopeer.shipping.wireships,www.wireships.com/
de.ludetis.android.kickitout,kick-it-out.de/
net.nutuapps.instadownloader,sites.google.com/
com.pix.arts.SGBasket,pix-arts.com/
com.igismall.casinogamesfreeslotmachinesbonus,slotandcasinogames.com/
com.carbonapps.draughtsncheckers,www.carbonapps.click/
org.adadventure.hunters,adadventure.org/
com.eharmony,www.eharmony.com/
com.metromile.release,www.metromile.com/
de.hagebau.shop,www.hagebau.de/
com.amzfGreenbee.amzfGreenbee,famousapps.wixsite.com/
com.BAR.Hot.Rod.Traffic.Racer,flydrivestay.com/
jp.co.ponos.battlecatsen,bc01.ponos.net/
com.mightcast.vidfish,www.vidfish.com/
org.cappiri,cappiri.com/
com.nobody.sayhello,rateme.life/
letstwinkle.com.twinkle,www.letstwinkle.com/
com.getpocketrehab.app,getpocketrehab.com/
com.scopely.yux,www.scopely.com/
com.appkarma.app,www.appkarma.io/
com.Icuzo.Senses,terrencejwilliamso.wixsite.com/
com.igg.android.lordsmobile,www.igg.com/
com.torn2right.ChaSwitch,torn2right.com/
com.CodeHQ.Nchworm,www.epicgames.com/
com.dgame.zombies,www.prosorte.com/
org.sgsragasagara.sgs_posts,sgsposts.com/
com.dataxad.folocardoffline,folocard.com/
com.orange.rn.dop,flex.orange.pl/
com.bandagames.mpuzzle.gp,androidpuzzlessupport.zendesk.com/
com.feelingtouch.idl,www.feelingtouch.com/
com.hopemobi.lightupball,sites.google.com/
com.ageondatecalculator,www.termsfeed.com/
com.funkyfinch.bfftest,www.termsfeed.com/
com.braingames.braintrain,nightema.wordpress.com/
ru.thebodyshop.lybc,www.thebodyshop.ru/
com.vpn.free.hotspot.secure.vpnify,justvpn.net/
air.com.fiftyfivepixels.cratercraft,www.55pixels.com/
app.make.money.online,sites.google.com/
mobi.androapp.gloryapps.c6849,sites.google.com/
com.racemoto.extreme,tekwdesignsgames.blogspot.com/
com.oditiapps.jackpot.cityspingameapp.play,www.freeprivacypolicy.com/
uk.rizbit.converter,RizbIT.UK/
junkyardtycoon.business.tycoon.game,www.junkyardtycoon.com/
com.aliexplorerapp.aliexplorer,aliexplorerapp.com/
com.leaseswapp.swapp,www.leaseswapp.com/
com.zirtue.app,www.zirtue.com/
com.EmrldSplash.horserunner,docs.google.com/
com.lee.huu.fourstage,stage-22224902.firebaseapp.com/
com.strizhonovapps_languages_learning.anylangapp_word_cards,anylang-flash-word.flycricket.io/
app.monific.budget,monific.app/
com.fun.fourcolors,geterewards.com/
com.telepizza,www.telepizza.es/
com.tul.tatacliq,www.tatacliq.com/
com.talkspaceapp.talkspace,zoopaworld.com/
com.Ghkgame.bangdown,www.ghkglobal.games/
com.menagames.MadnessRush,www.ghkglobal.games/
com.furry.fandom,www.ileadsoft.com/
com.YoStarEN.AzurLane,www.yo-star.com/
com.reverbs.bouncy.cat,kykn0s.wordpress.com/
com.kotrivia,www.kotrivia.com/
com.shopkick.app,www.shopkick.com/
com.payboxapp,www.payboxapp.com/
com.jo.nnnlls,www.payboxapp.com/
com.circlegaming.korea.foldingpep,sites.google.com/
com.worldremit.android,www.worldremit.com/
com.kronapps.mathbooster,kronapps.com/
com.taxact.express2013,www.taxact.com/
com.nexusmedia.easymobile.tryotapp,tryot.us/
com.frankensteinpuzzle,constructdevelopers.com.br/
com.techbins.niki,niki.ai/
com.and.riseofthekings,www.onemt.com/
com.fastbanking,www.kissht.com/
com.mobisystems.office,www.mobisystems.com/
www.quessure.com,www.mobisystems.com/
com.chili.tv,getchili.tv/
com.groboot.yala,www.fattal.co.il/
com.simulakragames.voxel.pets.run.race,simulakragames.com/
com.flashromeo.voila,voila.app/
ns.free.light.novel.reader,novelreaderapp.wordpress.com/
com.getir,youtu.be/
com.watchback.android,watchback.com/
com.app.referred,www.tryreferred.com/
com.explorercorp.cog,www.cityofgamesapp.com/
com.phone.reviews,www.appyet.com/
com.pl.owocowa.lamiglowka,getyourweb.pl/
com.sunoco.sunoco,sunoco.com/
io.thatisnomoon.ambidexter,yunar.de/
com.quwidget.quoteswidget,CardzyGames.com/
com.upjers.zoo2animalpark,upjers.com/
com.Vegas.Style.cKeno,upjers.com/
mobicip.com.safeBrowserff,www.mobicip.com/
com.embargoapp.app,www.embargoapp.com/
de.quipp.quiz,www.quipp.show/
com.hangingmonkey,constructdevelopers.com.br/
com.ThirdPolarArch.PixelWarReloaded,thirdpolararch.com/
com.TuoMuseo.AlifeInMusic,www.tuomuseo.it/
com.honeychat,honeychat.com/
jp.co.java.t_i.timerinterval,greenfusion.webcrow.jp/
com.wishabi.flipp,app.flipp.com/
com.rtygames.sestryball,sestryball.blogspot.com/
com.principal.classify,www.classify.org.uk/
com.zamfox.aman.zamfox,advancedtribe.com/
fi.iwa.mobile.android.tempo,www.yomp.app/
com.joycity.gw,gw.joycity.com/
com.perblue.portalquest,perblue.com/
com.adknown.meltyland,games.adknown.com/
com.thermalcamera,8ballpool.games/
com.banggood.client,www.banggood.com/
com.topface.kisskiss,getkisskiss.com/
com.innogames.elvenar,www.innogames.com/
com.maspex.kubus,maspex.com/
com.xiglute.app,xiglute.com/
ru.crazybit.experiment,nextersglobal.com/
com.whaleshark.retailmenot,www.retailmenot.com/
com.skout.android,www.skout.com/
com.agoda.mobile.consumer,www.agoda.com/
com.top.app.best.info.mobile.new,www.freeprivacypolicy.com/
com.grammarly.android.keyboard,www.grammarly.com/
com.epicactiononline.ffxv.ane,www.epicaction-online.com/
com.gamenow.trumprun,asymmetricalwar.com/
com.ut.eld,gpstab.com/
com.kabam.marvelbattle,www.playcontestofchampions.com/
com.touchnote.android,www.touchnote.com/
com.jewel.game.studio,1privacypolicy.weebly.com/
com.ztnstudio.notepad,juridical.calldorado.com/
com.fitiitn,www.fiti.online/
com.adelqbouchen.startrepair,sites.google.com/
com.SamuriaDogSoftware.TopShot,samuraidogsoftware.com/
com.cylicium.app.mailinja,mailinja.com/
com.opera.browser,www.opera.com/
com.sf.monarch,splashfactory.com/
talking.toy.funny.cat,timeslily.com/
com.omzsolution.spaceslinging,spaceslinging.blogspot.com/
com.move.realtor,www.realtor.com/
uk.co.createanet.bloc,getonbloc.com/
com.abaenglish.videoclass,www.abaenglish.com/
com.world.news.pvquvyikibydqvxqeq,appyet.com/
com.tinywitch.santawords,gamestofun.com/
com.inbox.clean.free.gmail.unsubscribe.smart.email.fresh.mailbox,www.instaclean.app/
com.DeimosStudio.PolygonAdventure,www.deimosstudio.com/
com.application.science.kings.sciencecalculator,kings-inc.blogspot.com/
com.funnyapp_corp.game.bpanim,www.swing2app.co.kr/
com.mavrinhealth.dietwiz,www.dietwiz.com/
com.Company.BlackMatter,geekmobile.org/
com.info.app.go.mobile.la.online,www.freeprivacypolicy.com/
online.appstation.app,appstation.online/
com.push.gold.game,www.termsfeed.com/
com.svsoftware.stopwatchtimer,svsoftwaresolutions.net/
com.app.earthio,blockball.xyz/
com.fallound.app,fallound.com/
com.srpc.arabnews_hajguide,www.srpc.com/
com.cook.cookinggamesfastfood,www.modulesden.com/
com.NewLeafStudios.Lejon_Brames_Basketball_Challenge,newleafcomics.com/
com.francocorrea.magiccounter,frcc248.wixsite.com/
jeuxdevelopers.com.edo4all,www.edoforall.com/
com.fintonic,www.fintonic.com/
com.adknown.binarybrigade,adknown.com/
com.qrscangen.a3,telegra.ph/
com.hakomuna,hakomuna.com/
com.ezee.main,www.ezeelink.co.id/
com.smprops.colorszigzag,privacypolicies.com/
com.netspend.product.android,www.netspend.com/
com.eterno,m.dailyhunt.in/
com.candycook,constructdevelopers.com.br/
com.show.truecaller.slide.free.screenoncall,docs.google.com/
com.myveva.myveva,Myveva.com/
com.mindbodyonline.connect,mindbody.io/
com.jibrel.jwallet,jibrel.network/
com.j25.NewGames.AllInOneApp,appmall.000webhostapp.com/
mobi.abcmouse.academy_goo,www.abcmouse.com/
com.crewanimation.pika,marvystudios.com/
p.jerryzhang.idlewizardschool,www.battlecryhq.com/
com.iplay.farmstory,www.ileadsoft.com/
com.MindMath.MindMath,docs.google.com/
com.steady.steadyapp.com,steadyapp.com/
online.piratecoinland.app,piratecoinland.online/
com.kiki.kiki,www.kikiapp.es/
com.cannalator.android,www.cannalator.app/
com.whizkidzmedia.youhuu,www.ockypocky.com/
com.wixot.wordfarmcrossword,www.wixot.com/
com.yahoo.mobile.client.android.yahoo,www.yahoo.com/
com.damonplay.damonps2.pro.ppsspu,www.simplaex.com/
com.ashleymadison.mobile,www.rubylife.com/
com.nordvpn.android,nordvpn.com/
com.uniksoft.videodownloader,maaapps.blogspot.com/
com.appnabil.appnabil,appnabil.com/
com.wsc.cuisinestreet,www.ileadsoft.com/
que.android,comfied.com/
com.andromo.dev803141.app967204,radeapps.blogspot.com/
com.igg.android.mobileroyale,www.igg.com/
com.grady.poolplayer,www.poolplayer.eu/
com.rokuremote.cfg,www.poolplayer.eu/
com.idle.fortclash,www.ileadsoft.com/
com.toppsychicreadingfree,westprivacypolicy.yolasite.com/
com.nymbium.merchant8,merchant8.com/
com.TeemuIlomaki.HOP,unity3d.com/
com.oneshott.mariostickerss,sites.google.com/
net.interkontakt.ikdatingik,www.interkontakt.net/
com.unigames.titanstower,www.interkontakt.net/
com.fungames.game.casinodmm,www.swing2app.co.kr/
com.bigframes.color_road,www.voodoo.io/
com.softlookup.caltracker,www.softlookup.com/
com.app.starsthrivingforwardv,app.termly.io/
com.tess.athomept,app.termly.io/
com.cbse.ncert.books,appsmashtech.wixsite.com/
com.taher.badansazi,www.googleplay.loxblog.com/
com.ultrafunfitness.watertracker,www.googleplay.loxblog.com/
com.gg.moduleTd,moduletd.com/
com.tomlibo.android.v3,www.tomlibo.com/
com.lemonchiligames.kidos,www.boopkids.com/
com.booqapp,booqapp.com/
com.nexters.herowars,nextersglobal.com/
com.bwsportsresults.bettinghelper,rappid3.com/
com.nemo.mergekitten,www.ileadsoft.com/
com.nonnogame.tombolafamilyparty,nonnogame.blogspot.com/
com.backflipstudios.android.dragonvale,www.backflipstudios.com/
com.parship.android,www.parship.de/
com.geewa.smashingfour,corporate.geewa.com/
com.ytu.rocketdogger,rocketdoggergame.blogspot.com/
com.peaceteclab.alice,www.alice.style/
com.cartadis.cartadispay,www.cartadis.com/
de.flixbus.app,www.flixbus.de/
io.arax.cryptowallet,arax.io/
com.viapps.car.home.personal.loan.emicalculator,vishvinfotech.com/
callid.name.announcer,ciamedia.com/
messenger.messenger.messanger.messenger,randomly.club/
com.vet.cat.clinic.sim,sites.google.com/
com.buggames.FoL,bug-studio.net/
com.candybear,constructdevelopers.com.br/
com.honeyhunt,constructdevelopers.com.br/
com.moonactive.coinmaster,moonactive.zendesk.com/
com.treegifts.treegifts,treegifts.xyz/
messenger.messenger.videocall.messenger,randomly.club/
kr.co.april7.eundabang.google,www.eundabang.com/
com.adknown.impossibleedges,www.adknown.com/
com.mazomedia.snixx,www.snixx.net/
org.kulturecity.app,www.kulturecity.org/
com.bglabs.phototranslator,sites.google.com/
com.instar.wallet,insights.network/
com.newsmap,www.newsmap.com/
com.adknown.trespasser,adknown.com/
com.gramgames.mergedragons,gram.gs/
com.square_enix.android_googleplay.FFBEWW,www.finalfantasyexvius.com/
com.lokator.apps,lokator.site/
com.mena.sagosoldiers,minastar.idlefun.net/
com.plarium.raidlegends,www.plarium.com/
com.gasbiker,www.gasbiker.com/
com.maseapps.swinging_zoo.game.android,maseapps.com/
com.wPejaofPerak_8296765,www.appsgeyser.com/
com.penpalamerica.penpal,www.penpalamerica.com/
com.turnkey.imobile.bob,www.bankofbeirut.com/
com.huuuge.casino.slots,www.huuugegames.com/
com.drobile.klassyfrise,kfboutique.ca/
com.zoopla.activity,www.zoopla.co.uk/
com.basketball.pro.mania.game,gamedrroid.blogspot.com/
com.playjoyou.cookieworld,www.playjoyou.com/
com.gmorld.jmpballs,www.playjoyou.com/
com.apartmentlist.mobile,www.apartmentlist.com/
com.cct24.cc,cct-24.com/
com.free.camera.translator,myprivacyrule.blogspot.com/
com.emagroups.ic2,tow.neocraftstudio.com/
com.adknown.survivalsquare,www.adknown.com/
com.funplus.kingofavalon,funplus.helpshift.com/
com.games.galaxys,sites.google.com/
com.funkyfinch.soundboard,sites.google.com/
com.bytesbee.yookoorider,www.yookooride.com/
com.dowallet,www.dowallet.app/
com.adknown.thedeepestdark,adknown.com/
com.Altech.TheDiamond,johnpreviews.blogspot.co.il/
de.autodoc.gmbh,www.autodoc.de/
com.yottagames.mafiawar,www.yottagames.com/
com.loaso.candyline,sites.google.com/
com.chagmagames.bahripuzzle,sites.google.com/
com.chennairains.mobileapp,www.chennairains.com/
com.rtaapps.commandsforsiri,www.redtwoapps.co.uk/
com.huuuge.casino.texas,www.huuugegames.com/
com.brucekick.yourbackpackbuddytostayfitv2,www.brucekick.com/
com.SiddharthShaw.HiLoDice,bit.ly/
com.guide.ysynmgkuzgrwhjslq,www.freeprivacypolicy.com/
com.ltmoneycenter_android.PROD,www.lendingtree.com/
com.MateMagyar.MadOrMed,www.madormed.com/
com.deemedyainc.duels,www.deemedya.com/
com.shoffz.shoffzuser,shoffz.com/
com.lawyers.connect,lawyersconnect.net/
com.adknown.doubleteam,adknown.com/
pl.adhdinteractive.app,www.adhdinteractive.pl/
com.omg.chat.video.call,www.freeprivacypolicy.com/
mappstreet.fs_soccer,www.mappstreet.com/
com.thredup.android,www.thredup.com/
com.pwrd.lodk,static.perfectworldgames.com/
com.magetic.battery,magetic.com/
com.ad.eagleinthesky,www.freeprivacypolicy.com/
com.denizen.dev,denizen.io/
co.bloom.app,bloom.co/
com.gpower.pixelart,gpmedia.ufile.ucloud.com.cn/
free.mobile.internet.data.recharge,www.databackapp.com/
com.pg.clubpampers.android.us,www.pg.com/
com.jigru16.backgrounderaser,www.jigru16.com/
com.adknown.retrocheckers,adknown.com/
com.apexpoint.android.generals,apexpoint.com/
net.flirtylove.my,flirtylove.net/
co.polypop.pigmentum,sickafmedia.com/
net.slickdeals.android,www.slickdeals.net/
com.reffyapp.app,www.reffyapp.com/
app.storypie,www.storypie.in/
talking.toy.tyrannosaurus.rex,timeslily.com/
com.make.mone.earn.daily.cash.smart,www.freeprivacypolicy.com/
com.gregorhaag.games.fantasysolitairetripeaks1,gregorhaag.com/
com.iplay.racingclub,www.ileadsoft.com/
com.headshot,constructdevelopers.com.br/
com.natty.spinwheel,appsmoment.net/
com.lifebeam.android.vi,vitrainer.com/
com.liteplus.agentspyforwhats,appsandmorewithfriend.blogspot.com/
com.Strawberry_baby_shop,strawberrybabyshop.co/
com.raims.town,strawberrybabyshop.co/
com.adswapper.moolabag,www.moolabag.mobi/
co.moocher.app,moocher.co/
com.tripledot.solitaire,www.tripledotstudios.com/
com.leonie.ildeworkshop,www.ileadsoft.com/
com.eladly.parking,eladly.com/
com.glorious.funs,pc.sao.instantfuns.com/
com.candyiceburning,constructdevelopers.com.br/
com.mistplay.mistplay,www.mistplay.com/
com.yab.chat,gamzplay.com/
com.estetic.qrcode,www.freeprivacypolicy.com/
com.magicshot,www.constructdevelopers.com.br/
com.jb.gokeyboard.theme.funredroses,lovelythemes.home.blog/
com.tag.saf,www.techabsolutions.com/
ca.castocks,castocks.ca/
com.rookeeapp.rookee.rookee,rookee.com.au/
com.sportscheck.mobile,www.sportscheck.com/
com.lifelock.memberapp,www.lifelock.com/
com.topface.topface,topface.com/
com.stoff.spintoearn,stoffmarketprivacy.blogspot.in/
com.letyshops,letyshops.com/
co.busha.android,busha.co/
com.cowboysadventures,constructdevelopers.com.br/
com.game.jellysplash,www.thundergamestudio.com/
com.STHDK.JumpySlime,www.termsfeed.com/
com.free.vpn.turbo.fast.secure.govpn,justvpn.net/
com.gopaysense.android.boost,www.gopaysense.com/
pl.carrefour.carrefourmobile,www.carrefour.pl/
com.paymeeasy.client,www.paymeeasy.mobi/
com.gamehag.app,gamehag.com/
com.zenmate.android,zenmate.com/
com.bettergames.GoM,www.iubenda.com/
com.lootballon,www.iubenda.com/
com.balaji.alt,altbalaji.com/
com.snowadventures,nantediamante81.com.br/
com.PMStudios.PMSPlatform,www.pmstudios.it/
com.planetart.fpin,www.freeprints.in/
co.easyroads.app,easyroads.in/
com.howtohelp.howtohelp,sites.google.com/
org.lume,sites.google.com/
com.magische.allianzmye,sites.google.com/
com.jnj.acuvue.consumer,www.acuvue.ru/
com.fgmt.reversi,d.trkngmydatafourtn.club/
com.ozeanusalientoo,alientoooh.com/
com.app.howdoo,www.howdoo.io/
info.myapp.allemailaccess,ciamedia.com/
com.sbimv.mvicalls,www.mvicall.com/
air.tv.ingames.cubematch.free,www.ingames.tv/
com.onedebit.chime,chimebank.com/
air.com.sublinet.tastytale,www.sweetnitro.com/
com.jakekidsheropirates.platordev,www.sweetnitro.com/
de.toggolino.videos,www.toggolino.de/
com.yomobstudio.dominoes.puzzle.dragnmerge,www.toggolino.de/
no.ingeniorutdanning.treadrun,treadmill.tv/
com.tqygame.synthetic,sunz.xyz/
com.chewwok.ctt2,chewwok.com/
io.ionic.boazbike,www.erranddriver.com/
com.lucktastic.scratch,www.lucktastic.com/
com.educationonline.filelocker,nebula.000webhostapp.com/
com.riafinancial.customerapp.pl,myriaapp.com/
com.adknown.treasurepond,adknown.com/
com.ynygaming.lights,aculix.com/
com.real.money.casino.guides,aculix.com/
com.unknown.numbers,sites.google.com/
com.binomo.tournaments,binomo.com/
com.appleby.writer,writer-pro.web.app/
com.uniksoft.cristmassticker,sites.google.com/
com.goodrx,www.goodrx.com/
dokter.togel.info,doktertogel.info/
com.joom,joom.com/
com.bluesmartapps.bingodeal,bingodeal.bluesmartapps.com/
com.clearchannel.iheartradio.controller,iheart.com/
com.expertoption,www.expertoption.com/
com.stormgain.mobile,stormgain.com/
com.hardcodedjoy.customsizecamera,www.hardcodedjoy.com/
com.bubbleshooting.adventure,onlinegamesuniverse.blogspot.in/
com.videoeditor.hypdra,hypdra.com/
com.dailyraffle,dailyraffleapp.com/
mappstreet.wordmapp,www.mappstreet.com/
com.cyberdome.hordecall,www.oatek.net/
com.quickmouse,constructdevelopers.com.br/
com.adknown.evasivesnake,adknown.com/
com.dollarshaveclub.app,www.dollarshaveclub.com/
com.falconapp.blak_assassin,mmogamingh.com/
com.boachsoft.plata,www.boachsoft.com/
com.mobilewaronline.wwr,mobilewar-online.com/
com.mediapro.ubeat,ubeat.tv/
com.pepper.pay,pepper.co.il/
com.gols,pepper.co.il/
com.dashlane,www.dashlane.com/
ru.auto.ara,auto.ru/
com.ballfuncasual.game,joroizin.github.io/
com.ninhkidd.armyquest,kpophit.com/
com.greenmile.highthere,highthere.com/
com.appchance.sprt,www.sprt-app.com/
com.andreasgift.edisco,github.com/
com.ship.vsblock.alienattack.shooter.galaxy,alienvsshooter.io/
com.dphcgames.WinceBall,dphcgames.wixsite.com/
com.best.all.we.app.online.mob.us.new,dphcgames.wixsite.com/
com.iplay.runningpets,menastar.idlefun.net/
com.nurture.parent,www.nurture.school/
com.gamegos.mobile.manorcafe,www.gamegos.com/
io.investy.web,web.investy.io/
bestway.aplidjb,www.freeprivacypolicy.com/
in.amazon.mShop.android.shopping,www.amazon.in/
mappstreet.sokoban,www.mappstreet.com/
com.osama.Helixball.Jump,privacypolicyforvirtualservices.blogspot.com/
com.wetter.androidclient,www.wetter.com/
com.oneshott.lionelmessistickers,sites.google.com/
com.simejikeyboard,www.facemojikeyboard.com/
de.momox,www.momox.de/
com.zhekapps.compass,www.momox.de/
forex.trading.fx.trade,privacypolicy-lr.yolasite.com/
com.shefaltd.bangladictionary,nebula.000webhostapp.com/
com.curiosity.curiositystream,curiositystream.com/
com.rta.shieldrush,www.redtwoapps.co.uk/
com.health.user.healthoptim,healthoptim.com/
com.xiwangkeji.plane,sites.google.com/
de.kaufkick.com,www.kaufkick.com/
com.truebill,www.truebill.com/
com.zombierunnerr,constructdevelopers.com.br/
com.tatatu,www.tatatu.com/
com.Anslabs.rockethdvideoplayer,www.tatatu.com/
il.co.yellow.app,yellow.co.il/
com.blogspot.master037app.GTA5c,master037app.blogspot.com/
com.il.mcdelivery,www.mcdelivery.co.in/
com.dahranegameapp.body,sites.google.com/
word.cross.game.wordcrossy.free,www.epicwordgames.com/
com.opodo.reisen,www.opodo.com/
com.de.sports.tip.icom,www.freeprivacypolicy.com/
com.barmpas.budgetme,www.barmpas.com/
com.SuperHero.Pixel.Color.Number,sites.google.com/
com.gogps.gogps,www.goazsocial.com/
com.snapfish.mobile,support.snapfish.com/
com.hrs.b2c.android,www.hrs.com/
com.avt.AVTMobile,www.bluee.co/
com.inkshared.wallpapershd,app.inkshared.com/
com.abipbl.upi,www.adityabirla.bank/
com.postmates.android,www.postmates.com/
de.tchibo.app,www.tchibo.de/
com.curewallpaper.chuckytop,www.tchibo.de/
com.managetransfer,www.vividwebtechs.com.au/
com.my.internet.radiosonline.freemusic.fm,docs.google.com/
com.mercariapp.mercari,www.mercari.com/
com.lapaslaingosalguinf,funkyslots.weebly.com/
com.e2g2.E2G2.fountainvalley,cty611.com/
com.imagodate,www.imagodate.com/
com.isoftapps.allxvideodownloader,sites.google.com/
com.adknown.splittyball,adknown.com/
com.instacart.client,www.instacart.com/
com.pistachos.jumpaddict,pistachos-games.webnode.ro/
qureka.live.game.show,qureka.com/
com.nytimes.android,www.nytimes.com/
com.yolorush.recipe,www.privacypolicies.com/
ru.simple.wine,simplewine.ru/
com.salaryincreaser,www.freeprivacypolicy.com/
com.pwrd.pwm,static.perfectworldgames.com/
mappstreet.nearbymapp,secure.mappstreet.com/
com.singleton.helix,www.singletongames.com/
com.all.apps.top.new.mob.online.review,www.singletongames.com/
com.galacticrows.psychopathhuntgame,galactic-crows.com/
com.WildWorks.AnimalJamPlayWild,www.animaljam.com/
com.Ghkgame.mrbooom,www.ghkglobal.games/
com.myntra.android,www.myntra.com/
com.n3twork.legendary,www.n3twork.com/
com.aniplex.magireco,magireco.com/
com.brilliantkidsstudio.vehiclespuzzlesfree,tuhusoftware.com/
com.aiwatch,www.aiwatch.live/
com.tensquaregames.letsfish2,tensquaregames.com/
com.CompulsiveGames.Adrenaline,www.compulsivegames.com/
com.nextbillion.groww,groww.in/
com.funiza.poolstrike,www.funiza.com/
com.auliv.stickerapp,www.aulivtech.com/
com.gamecircus.tycoon,gamecircus.com/
com.exutech.chacha,holla.world/
secret.trick.androidsecretcode,uizdataonline.000webhostapp.com/
com.trulysocialgames.planetgoldrush,www.planetgoldrush.com/
com.persic.bronzehoof,persic.games/
com.quotesandsayings.quotesapp,iquotes.app/
com.adknown.tavara,adknown.com/
fm.pinna.app,pinna.fm/
com.GBitStudios.MaximumVelocity,www.gbitstudios.com/
cocalm.entertainment,www.cocalm.com/
com.mobilityware.freecell,www.mobilityware.com/
com.varomoney.varo,varomoney.com/
com.gainple.client,offito-gainple.appspot.com/
com.aeso.kantongcepat.ids,docs.google.com/
com.adknown.ghostdoggograveyard,adknown.com/
com.ibotta.android,www.ibotta.com/
ru.rocketbank.r2d2,rocketbank.ru/
com.urbanrailblazers,apptwig.com/
com.frez.applockvault,sites.google.com/
com.goodbarber.wfddeals,proappteam.com/
com.shawnbrewera.n,quickappninja.com/
com.grintafyplayer,Grintafy.com/
com.carbonapps.pixelarts,gamzplay.com/
com.fulltip,www.fulltip.com/
com.iosandroid.appLikesFollowersViews,get-followers.pw/
com.kasacapital.bitesquad,www.bitesquad.com/
com.wunderpackage.wundertowerino,www.u-spin.com/
com.zitocard.app,zitocard.com/
com.gemcreators.cryptomarket,gemcreators.com/
jp.co.java_conf_t_i.golfscoretablemanagementphoto,greenfusion.storeinfo.jp/
io.cleanfox.android,www.cleanfox.io/
com.bearcatstudio.legionwar.google,www.freeprivacypolicy.com/
com.adknown.colormindz,adknown.com/
com.spoonity.sweetandcoffee,spoonity.com/
com.heineken.LiberApp,www.heinekenespana.es/
com.ABE.KeWards,abem2018-001-site3.itempurl.com/
friendable.com.friendable,friendable.com/
com.edreams.travel,www.edreams.com/
com.ninjarunn,constructdevelopers.com.br/
br.com.barberinhomeprovider,figaaro.com/
solutions.risen.apps.brave_puppy_lite,risen.solutions/
com.adknown.ragingracers,adknown.com/
de.mobileheroes.realmoneyminer,www.goldfever.me/
com.redskystudio.notes,www.goldfever.me/
com.kuber.matka.online,ematka.online/
com.soulmater.myapplication,www.freeprivacypolicy.com/
com.scopely.whiplash,scopely.com/
it.nexi.yap,www.yapapp.it/
top.resultsatoswsd,docs.google.com/
com.compactive.realcarrace,www.mobwave.com/
com.linkedin.android,www.linkedin.com/
com.buzzvil.adhours,www.honeyscreen.com/
hu.bitnet.europethrob,www.redmarketing.hu/
com.app.driverkoobilod,www.koobilo.be/
com.devteammanila.sif,sif.com.ph/
com.karavai.mrsmiley.android,sites.google.com/
com.tekosep.doubletroublle,sites.google.com/
com.videostation.thoptvguide,videostationprivacy.blogspot.com/
com.trypotstudios.mad8,www.plug.game/
com.trigga.youtubeAlarm,www.trigga.com/
com.miniatureapp.videocallchatguide,miniatureapplabprivacy.blogspot.com/
com.ttdgame.mahjong,midva.games/
com.oaigeqioe.adventurecrazybearfantasy,sutridelviablog.blogspot.com/
com.bumpguin.bumpguin,www.bumpguin.com/
com.slidejoy,www.getslidejoy.com/
com.xiwangkeji.grasscut,sites.google.com/
com.sweepzombies,constructdevelopers.com.br/
com.psafe.msuite,www.psafe.com/
fbrcat.skins.emotes.battleroyale,taimone.wordpress.com/
com.adknown.survivalofthefittest,adknown.com/
com.troloapp,troloapp.com/
com.desigames.metromania,www.desigames.net/
ca.lbcstudios.hempire,hempiregame.com/
co.irl.android,irl.co/
com.homeworkout.homeworkout,static.wixstatic.com/
com.rewardsmaker.app,rewardsmaker.com/
com.zynga.FarmVilleTropicEscape,zyngasupport.helpshift.com/
com.royaltygames.casinogamesslotmachines,royaltygames.games/
com.symantec.securewifi,www.norton.com/
com.lexipgames.ninediamonds,www.lexipgames.com/
com.inspectorstudios.tommygo,inspectorstudios.com/
com.ghm.carjump,free2move.com/
com.disfrutachile.cts,www.disfrutachile.info/
net.bitburst.pollpay,bitburst.net/
com.even.harmony,www.even.com/
com.callsfreecalls.android,cfc.io/
io.ob1.nativeandroid,gethaven.app/
com.ai.musicplayer,augmeticinfotech.com/
com.leftover.CoinDozer,www.gamecircus.com/
forex.trading.fx.trading,privacypolicy-lr.yolasite.com/
com.taiyouxi.jwsus,jwsus.taiyouxi.cn/
com.phonepe.app,www.phonepe.com/
com.telugumatrimony,www.telugumatrimony.com/
com.helixspiral.jumping.ball3d,sites.google.com/
com.re.matematikoyunu,www.freeprivacypolicy.com/
com.Chatrandom,chatrandom.com/
app.thinkaholic.borrowed,thinkaholic.app/
com.weightliftingg,toplevel.digital/
com.openmed,www.openmed.com/
com.wolfydoki.circusclicker,www.openmed.com/
com.westernunion.android.mtapp,wucare.westernunion.com/
com.feelingtouch.clonewar,www.feelingtouch.com/
com.cricplay,cricplay.com/
com.wefun.puppiesclub,www.ileadsoft.com/
com.nemogame.wordcookies,zzz.ileadsoft.cn/
com.BathtubBubbleShooter,www.beastical.com/
com.bahrigames.candybubble,bahrigames.xyz/
com.cashtime,www.cash-time-app.com/
net.ibexsolutions.flow8,www.ibexsolutions.net/
com.dsmedia.lightrecorder,digitalsightmedia.com/
com.nokoprint,nokoprint.com/
air.com.mindhut.ariarealmakeover,www.mindhut.games/
com.news.break.uk,appyet.com/
grappefruit.night.games,sites.google.com/
com.teamzalkanorr.yt2igstory,www.dropbox.com/
in.droom.online_obv_app,orangebookvalue.com/
com.nurx,www.nurx.com/
com.mena.landinganimals,menastar.idlefun.net/
com.gobootler.Bootler,foodboss.com/
com.adknown.supericydash,adknown.com/
com.bubblefun.shootgame,sites.google.com/
de.aboutyou.mobile.app,www.aboutyou.de/
co.longgame.app,www.longgame.co/
com.bestguodesporbet22df,jakositets.wixsite.com/
com.adknown.dodgebowl,adknown.com/
com.oops.tetris,www.silent-eagle.com/
com.loan.directory,loandirectory.net/
com.gazzapper.asteroids.spaceshooter,www.gazzapper.com/
com.labstyle.darioandroid,www.mydario.com/
com.pacificinteractive.HouseOfFun,www.houseoffun.com/
com.zugsoft.clashonmoon,www.zugsoft.com/
com.mobilityware.spider,mobilityware.com/
com.xrossapplications.screentime,www.xrosswatch.com/
com.ahujakamalb.BeautyCare,dkainfosys.blogspot.com/
com.xoom.android.app,www.xoom.com/
com.ekigai.zenfighter,www.freeprivacypolicy.com/
online.goldenfarmery.app,goldenfarmery.online/
pl.com.fortitudo,42.do/
com.best.recipebook,www.freeprivacypolicy.com/
com.hot.tiktok.girls.famous,www.freeprivacypolicy.com/
com.xcoex.mobile,xcoex.com/
com.adknown.taxiadventure,adknown.com/
com.productmadness.cashmancasino,www.productmadness.com/
com.onavo.spaceship,www.onavo.com/
com.memoryage,constructdevelopers.com.br/
com.cabify.rider,cabify.com/
com.edoforall.chat4all,edoforall.com/
com.yanosnes.allwallpapers,sites.google.com/
com.medipocket.patient,mymedipocket.com/
news.buzzbreak.android,buzzbreak.news/
com.leisure.games.fightsnake,www.appsatan.cn/
com.jellybtn.boardkings,www.jellybtn.com/
com.programmingbiters,casablancadream.com/
com.ymbsm.your_puzzles_arc,www.ymbsm.com/
com.capitalone.credittracker,www.capitalone.com/
pl.innogy.go,www.innogygo.pl/
com.TouchstoneSquad.NinjaZombieShowdown,docs.google.com/
de.payback.client.android,www.payback.de/
com.securedchat.me,eclipsechat.xyz/
com.sonhario.junglerunnerworld,sonhariogames.blogspot.com/
com.gettaxi.android,www.gett.com/
com.increaserealfollowersandlikes,ufollowme.nl/
com.platfomni.rulybka,vigroup.ru/
com.taskbucks.taskbucks,www.taskbucks.com/
com.faceitforme.duuple,www.duuple.com/
com.shipt.groceries,www.shipt.com/
online.psychology.chat,patel-ventures.wixsite.com/
com.adknown.neondistrictpharmacy,adknown.com/
com.adknown.smashrider,adknown.com/
com.wafour.snackio,wafour.com/
com.generalmotors.urbanactive.cityone,www.maven.com/
com.cashback.card,www.cashbackworld.com/
com.vstruk.sawmaster,vstruk.com/
com.starlapps.paire,www.paire.app/
com.vision.pixeldungeon,github.com/
com.maylock.colorcube,www.fb.com/
de.mobileheroes.quizfriends,quizfriends.co/
com.Fox3D.ZeusPot,www.zeuspot.com/
com.FirePath.BouncyWall,www.firepathgames.com/
com.yolorush.qrreader,www.freeprivacypolicy.com/
com.rastargames.auroralegend,teamtopgame.com/
com.platogo.pmp,www.slotpark.com/
com.askfm,support.ask.fm/
com.interestinggame.snowball,sites.google.com/
ru.yandex.money,money.yandex.ru/
com.gen.workoutme,bttrm.com/
com.testbook.tbapp,testbook.com/
com.cleaner.battery.sharhan,www.freeprivacypolicy.com/
com.gatrue.tsma,storage.googleapis.com/
com.raise.andraise,www.raise.com/
com.check1two.jukebox,check1two.com/
de.appsfactory.andachtsapp,www.evmedienhaus.de/
com.crypterium,crypterium.com/
com.amble.isai,isaiapp.com/
com.games.galaxyrocke,cashking.pw/
com.two31play.mahjongcity,231play.com/
com.photo3doverlayeditor.photoblendermixer.photoeditorapp,www.videoeditorlab.com/
com.blucnr.castletycoon,ymc182.github.io/
com.videostation.jiiyomusiccallertune,videostationprivacy.blogspot.com/
com.reminder.todo,ciamedia.com/
com.SugarCoatedGames.HungryStar,bit.ly/
com.gwersdoerfer.travelexpensemanager,docs.google.com/
com.hotspicy.hungrybaby,www.webelinx.com/
com.squareup.cash,cash.me/
ru.petstory.androidapp,www.petstory.ru/
com.ninjagoo,nantediamante81.com.br/
com.Altech.MakeEasyMoney,johnpreviews.blogspot.co.il/
com.carezone.caredroid.careapp.medications,carezone.com/
com.boxroomgaming.arparkingpro,www.boxroomgaming.com/
online.trading,termsandprivacypolicy.yolasite.com/
com.iogenis.newsnetwork,www.cpagrag.com/
com.tbi.travalian,travalian.com/
com.desto.destopay,destopay.com/
com.netgenstudio.spacechunks,androidgameprivacypolicy.blogspot.com/
com.DreamHive.Scanner,scanapp.co/
com.brightship,constructdevelopers.com.br/
com.nemo.WordsInAlphabet,zzz.ileadsoft.cn/
com.good.life.games.words.world.puzzle,www.goodlifegames.net/
app.clientell.app,clientell.app/
com.igg.android.castleclasharb,www.igg.com/
com.grabqpons.customer,www.grabqpons.com/
com.messenger.messenger.zone.xmessenger,s3-ap-southeast-1.amazonaws.com/
com.playonegames.WolfOnline2,www.playonegames.com/
com.Chatspin,chatspin.com/
betting.tips.probet,probet.tips/
com.once.android,getonce.com/
com.zillow.android.zillowmap,www.zillow.com/
com.pocket.spy.shooting.guns.bullet,docs.google.com/
com.acorns.android,www.acorns.com/
radio.fm.online,www.app-mind.com/
com.Heyworks.PocketTroopsVK,azurgames.com/
com.ulugame.faithkr.google,cafe.naver.com/
com.technomative.leap_bottle.bottle_flip,cafe.naver.com/
com.bytesbee.hvtsoft.activities,www.fearoverload.com/
com.wappsgames.shup3d,wapps-games.com/
com.ism.relaxshed,relaxshed.com/
com.bharatmatrimony,bharatmatrimony.com/
com.redfin.android,www.redfin.com/
com.sas.AirForceAttack,www.chameleonwallpaper.club/
com.shopping.supermarketfever,www.modulesden.com/
com.igg.clashoflords2,www.igg.com/
turbojet.vpnturbojetapp,138.201.128.44:8080/
com.game.idle.fantasy,toh.jupiterltd.net/
com.zhekapps.leddigitalclock,toh.jupiterltd.net/
com.cbs.ca,www.cbsallaccess.ca/
playgame.free.scratchers.win.realmoney.lucky.day.casino,s3-us-west-1.amazonaws.com/
com.adknown.somthinfishy,adknown.com/
and.onemt.boe.tr,www.onemt.com/
com.DTA.trigon,privacy.ieccorp.vn/
com.canal.android.canal,www.mycanal.fr/
com.onlinesales.nerds,www.onlinesalesnerds.com/
com.getsubscribersrealviewsreallikes,gekkedeals.nl/
vector.media.callerid.app,vectormediaapp2019.blogspot.com/
com.ileadgame.landhero,www.arabbaramj.com/
com.appsolutionag.carfinder,quickappninja.com/
one.goin.mobile.android,goin.app/
com.fullvideostatus.videostatusapp.lyricalvideostatus,makevideostatus.blogspot.com/
com.dna.solitaireapp,www.iubenda.com/
com.AutoTeileBazaar,autoteilebazaar.com/
com.origingames.jumpingcar,medium.com/
com.hrdevs.ebookapp,www.fiverr.com/
com.pocketgems.android.dragon,www.pocketgems.com/
com.TakenCreative.Pirate,takencreative.id/
com.adknown.asteroidorbit,adknown.com/
gallery.photos.gallery,uizdataonline.000webhostapp.com/
net.wepay2u.wepay,www.wepay2u.net/
com.uniksoft.movetosdcardfile,sites.google.com/
com.sideline.phone.number,www.sideline.com/
jp.gungho.padEN,www.puzzleanddragons.us/
com.jellybtn.cashkingmobile,www.jellybtn.com/
com.onlineclairvoyant,alvaberg.simplesite.com/
com.appatomic.vpnhub,www.vpnhub.com/
com.traffic.battle3d.racer,sites.google.com/
us.leqi.idphotoabroadken,photid.ai/
com.tylcham.sweetmatchmania,tylcham.com/
app.pickable.android,pickable.app/
com.Broomudigitals.KanesGamepark,www.broomudigitals.fi/
net.idt.um.android.bossrevapp,www.bossrevolution.com/
com.igg.android.casinodeluxebyigg,www.igg.com/
com.igg.castleclash_ru,www.igg.com/
com.goplay.english.riddles,vietlott.life/
com.cbs.app,www.cbs.com/
com.reebee.reebee,www.reebee.com/
exchange.einstein.mobile.release,einstein.exchange/
com.stubhub,www.stubhub.com/
com.xteamsoftware.pluggygameshunter,www.xteamsoftware.com/
com.badfishgame.wordfruitmania,zzz.ileadsoft.cn/
com.swipe.wallet,swipe.io/
com.yuppr.yuppr,www.yuppr.com/
com.maxivu,www.maxivu.com/
com.fenixgames.astroknight,youtu.be/
com.viacom.betplus,www.bet.com/
com.luckytrivialive,www.luckytrivialive.com/
com.mediamol.moneytree,www.qp-king.com/
com.miHoYo.bh3oversea,asia.honkaiimpact3.com/
com.winngie.win,winngie.com/
air.com.buffalo_studios.newflashbingo,www.playtika.com/
com.hiphop.pixel.books,sites.google.com/
com.moataz.Snake_Jewels,snake-jewels.flycricket.io/
com.surveysampling.mobile.quickthoughts,www.quickthoughtsapp.com/
net.twentyonevpn.free.vpn.proxy.client,21vpn.net/
com.gspl.puzzle,geterewards.com/
com.dpoint.wolfslots,geterewards.com/
com.cesaramvpn.premiumvpn,bycvpn.blogspot.com/
com.idlemons.creative,creative-gamez.de/
mappstreet.spacelive,www.mappstreet.com/
com.tavour.app,www.tavour.com/
com.b2pbusiness.candyjam,b2pexpress.com/
com.ibls.rhmp,rhmp.tech/
com.ticno.olymptrade,olymptrade.com/
net.ilius.android.match,m.europe.match.com/
app.bowvie.weather,weather.bowvie.app/
scratch.lucky.money.free.real.big.win,g.luckymoney.vip/
com.badoo.mobile,www.badoo.com/
com.Project100Pi.themusicplayer,100pilabs.com/
com.fishverify,www.fishverify.com/
net.difer.notiarch,android.difer.net/
com.yourtravelmates,www.yourtravelmates.com/
io.appsly.drinkwater,appsly.io/
com.golisports.golisport,www.golisports.com/
com.jabong.android,www.jabong.com/
org.ironhorsegames.taptapdig,www.ironhorsegames.org/
com.animalsrun,constructdevelopers.com.br/
com.kobobooks.android,www.kobo.com/
com.frog.kidsmessenger.student.socialmedia,www.grow-along.com/
com.droptis.newzgo,appnewzgo.com/
com.brands4friends.b4f,www.brands4friends.de/
com.drawingsapp.shopkin,ldrawsomethings.blogspot.com/
com.spotoffers.user,www.spotoffers.com/
walking.pedometer.fit.stepcounter,bit.ly/
org.adadventure.bestapp,adadventure.org/
com.easyrentcars.android,easyrentcars.com/
com.matchington.mansion,www.firecraftstudios.com/
com.westernunion.moneytransferr3app.es,www.westernunion.com/
com.economist.darwin,www.economist.com/
com.littlecaesars,littlecaesars.com/
com.nemogame.MrShooter,zzz.ileadsoft.cn/
game.puzzle.woodypuzzle,fbpgames.com/
com.adknown.cookingwizard,adknown.com/
com.rns.buddyvpnprov,www.4gproxies.net/
com.bestshootinggames.callofhonor,www.morethanjustagame.be/
io.meter.wallet,www.meter.io/
com.infash.release,www.infash.com/
com.rexground.bouncyball,www.freeprivacypolicy.com/
com.ing.twyp,www.twyp.com/
com.tallentto.com,www.laeradelosvalientes.com/
com.freezingshot,constructdevelopers.com.br/
com.SugarGlidersGaming.MatchIt,constructdevelopers.com.br/
com.timbercook.mantoman,production.f24sf63wwv.eu-west-1.elasticbeanstalk.com/
com.servicebooky.us.personalized.appointment.booking.calendar.service.scheduling,app.termly.io/
com.gamebuddy.socialcasinoslots,www.game-buddy.net/
com.com2us.slroh.normal.freefull.google.global.android.common,www.withhive.com/
co.plano,plano.co/
com.quizstars.thdyllm,quickappninja.com/
com.mango.slot,geterewards.com/
com.cityof.shoresdef,docs.google.com/
de.gomarryme.app,www.go-marryme.com/
com.veraxen.jigsawpuzzlescollectionhd,veraxen.com/
com.dazn,www.dazn.com/
com.russellraymond.holdandrelease,privacypolicies.com/
com.hopemobi.carbump3dcorpse,sites.google.com/
com.CarRaceBike.DirtBikeMotocross,al-khawarizimisoft.com/
com.rakainc.islamiczone,nebula.000webhostapp.com/
com.christmasstickers.wastickerapp,lab-photo-editor.000webhostapp.com/
com.fitradio.gold,www.goldsamp.com/
com.idea.ideamoney,www.adityabirla.bank/
com.mena.cunninganimalparadise,menastar.idlefun.net/
moneymanager.expensemanager.dailyexpensemanager,expensemanager.appspedia.net/
com.nnnow.arvind,www.nnnow.com/
com.letspartiiapp.letspartii,www.letspartii.com/
com.Dev.Myspeedreader,docs.google.com/
com.ingendroid.audiorecorder,yourbrand.pk/
com.jobskout,www.jobskout.com/
com.cmcm.live,www.liveme.com/
com.berminal.bermi,bermi.tv/
com.billiyo,www.billiyo.com/
com.servicemagic.pros,www.homeadvisor.com/
kidsgames.cookiesmash.cookiecrush,sites.google.com/
com.showtime.standalone,www.showtime.com/
com.coin.master.buck,www.freeprivacypolicy.com/
ru.mobstudio.andgalaxy,in-galaxy.com/
de.miasanfcb.musicarocatausch,musicaroca.ninja/
de.friendscout24.android.messaging,www.lovescout24.de/
com.animalblocksrunner,jeanmonyson.com.br/
com.badfishgame.wordguru,zzz.ileadsoft.cn/
com.oneshott.shawnmendesstickers,sites.google.com/
io.vembar.fundamentalspeculation,www.fundamentalspeculation.io/
com.fangchenggame.HeroRPG,www.prosorte.com/
com.ihippogame.bioblast,www.ihippogame.com/
com.powerednow.fieldservices,www.powerednow.com/
my.iboxfan,www.iboxchain.my/
com.intoucheastrand.intoucheastrandapp,intouchadvertising.co.za/
com.ycffanapp.prod,www.yourcallfootball.com/
com.mytracker.familylocator.familytracker,virtualappservices.blogspot.com/
com.mytoz.app,www.mytoz.com/
com.chagmagames.watchkit,chagmagames.xyz/
com.creditsesame,www.creditsesame.com/
br.com.feston,www.feston.com.br/
com.educationonline.notepad,nebula.000webhostapp.com/
com.sublinkpro.app,www.sublinkpro.com/
com.cashmaniaapps.endlessvalley,endless-valley.flycricket.io/
com.drivepeasy.peasy,www.drivepeasy.com/
com.drop.loyalty.android,www.earnwithdrop.com/
com.monk.islandbrilliantadventre,sites.google.com/
com.rewardsy.app,www.voyage.network/
com.helloup,helloup8.wixsite.com/
com.reverbs.foxvsbearadventure,www.reverbs.net/
net.luxeria.freundschaftstesthd,luxeria.net/
cleaner.boss.boostclean,dbhumas.com/
io.curio,www.curio.io/
com.betterfun.wah.gp,sites.google.com/
com.sta.rnr,sites.google.com/
com.rajipokertexasstrike.com,sites.google.com/
com.chuanmo.poly,lowpolydata.cmeverapi.com/
com.photoaffections.freeprints,www.freeprints.com/
com.educationonline.fatburningfoods,nebula.000webhostapp.com/
com.PayloadGamesLtd.CandyLandSaga,payloadgames.com/
forecast.io.weather,winnybrown.wordpress.com/
com.deadwik.darkweb,winnybrown.wordpress.com/
com.murrayhilltech.Password_VaultFREE,winnybrown.wordpress.com/
com.foodgroup,foodgroup.com/
com.gamethefuture.tweeterwars,www.game-the-future.com/
com.invire,www.goinvire.com/
calm.relax.slime,docs.google.com/
com.inadash.inadash,www.inadash.com/
com.lokoforlove.beta,lokoforlove.com/
com.keinex.serflin,keinex.com/
com.bp.mobile.bpme.us,www.mybpstation.com/
com.ENSAG,sites.google.com/
com.voicefive.mobilexpression,www.mobilexpression.com/
com.GameNow.Frontline.Battleground,asymmetricalwar.com/
mobi.androapp.simplyapps.c9719,simplyapps.website/
de.nivea.nivea,www.nivea.de/
com.igg.castleclash,www.igg.com/
upgames.pokerup.android,www.pokerup.net/
pch.apps.pchsweeps,pch.custhelp.com/
com.moneylion,www.moneylion.com/
kr.co.richnco.goodrich,www.goodrichapp.com/
com.adknown.songpong,www.adknown.com/
com.agicent.irx,www.smartirx.com/
com.stove.epic7.google,mobile.smilegatemegaport.com/
com.gpn.azs,www.gpnbonus.ru/
com.ppkapps.bestphotocollageeditor,docs.google.com/
com.rubicoin.invest,www.mywallst.com/
com.megagames.game.slotbattle,www.swing2app.co.kr/
pravin.earn.and.free,privacymbh.blogspot.com/
com.nguyentaihoa.jewelandgems.jewelsstarmatchingadventure,mvtuts.com/
com.app.oryxre_provider,www.oryxhub.com/
com.flexiroamx,www.flexiroam.com/
com.animalracing,jeanmonyson.com.br/
com.deepsea,es-tele.com/
com.sas.SeaCleaner,www.coloringbook2019.club/
com.igg.castleclash_de,www.igg.com/
co.lotterynews,lotterynew.co/
com.osiris.browser,decenternet.com/
com.aquto.midata,www.aquto.com/
de.prosiebensat1digital.seventv,www.joyn.de/
com.adknown.islandinvaders,adknown.com/
ru.dodopizza.app,dodopizza.ru/
com.loaso.blockbrick,sites.google.com/
com.adknown.exon,adknown.com/
com.renterpeace,renterpeace.com/
com.aofl.readingiq.google,www.readingiq.com/
com.aqupepgames.projectpepe,scopely.com/
com.nextdoor,www.nextdoor.com/
ru.yops.xmasrush,yops.co/
com.baqala.android,baqalalb.com/
com.ultimatearms,fitsea.co/
com.safetymeetingpro,safetymeetingpro.com/
com.fabhotels.guests,www.fabhotels.com/
com.cocodroloapps.Attila,www.jugandohaciendojuegos.com/
com.adknown.animalpals,adknown.com/
live.cricketlab.zigzag,adknown.com/
com.zynga.words3,www.zynga.com/
com.bamigames.smilesmash,www.bamigames.xyz/
com.zugsoft.racerz,www.zugsoft.com/
com.cavemonster,www.contatothiper.com.br/
com.tapgen.featurepoints,featurepoints.com/
com.asiainno.uplive.hongkong,www.yunzhilian.com.cn/
com.affinity.rewarded_play,influencemobile.com/
uk.co.aifactory.rrfree,www.aifactory.co.uk/
si.ngnmedia.mynanny,www.ngn.si/
com.adknown.cruiseshiphunter,adknown.com/
com.bahrigames.monkeybubble,bahrigames.xyz/
free.psychic.chat.psychic.hotline,maltarobin.simplesite.com/
com.staytouch,www.staytouch.com/
com.zhiliaoapp.musically,www.tiktok.com/
com.counselor,counseling-privacy.simplesite.com/
com.candyfarm,constructdevelopers.com.br/
com.entertainment.todevapps.mp3musicplayer,privacy615768896.wordpress.com/
appymaker.soularas,www.i-aegean.com/
com.ifolor.photoservice,www.ifolor.com/
travel.city.android,new.city.travel/
com.unfollowers.indumaniq,www.changhaikeji.com/
com.zoomcar,www.zoomcar.com/
com.prodege.swagbucksmobile,swagbucks.com/
com.holonis,www.holonis.com/
com.KS.BouncingBash,docs.google.com/
com.divisait.quironsalud,www.quironsalud.es/
com.andromo.dev859449.app1007337,www.gpacana.com/
coms.example.alsrl.likeone,likeone123.cafe24.com/
com.craigslist.uuuuu,www.startapp.com/
com.kamagames.pokerist,kamagames.com/
com.subway.mobile.subwayapp03,www.subway.com/
com.twitchgames.CRAZY_RUNNING,youtuberswar.com/
com.creo.paymagnetx,www.paymagnet.com/
com.kg.ringspuzzle,www.paymagnet.com/
com.image.editing.photoeditor,sites.google.com/
com.koovs.fashion,www.koovs.com/
movie.downloader.moviedownloader,squareupgame.wordpress.com/
com.bountywall.app,bountywall.com/
com.aspiro.tidal,tidal.com/
com.nemo.fruitspelling,www.ileadsoft.com/
com.kidsgames.gamegirlgamesmakeover,infantilaprendizaj.wixsite.com/
net.booksy.business,booksy.com/
com.sharedbike.bloom,www.bloomsharing.com/
com.level9.zombie.shot.war.dawn.z,qe-apps.com/
com.adiony.matches,qe-apps.com/
com.loginext.tracknext,loginextsolutions.com/
com.lab465.SmoreApp,getsmo.re/
roll.ball.block.puzzle.unblock.challenging.puzzle,constantgamesprivacypolicies.blogspot.com/
myappfreesrl.com.myappfree,www.myappfree.com/
com.photovideoeditor.getmobiledetail,photoeditorvideomakerapps.blogspot.in/
com.lendyou.paydayloans,lendyou.com/
com.apptwig.nationalpark,lendyou.com/
com.markable.fun_games_.sc_5W1IEA,100fungames.net/
com.getaround.android,www.getaround.com/
co.giftloop,giftloop.co/
de.mobileconcepts.cyberghost,www.cyberghostvpn.com/
app.jeylu,www.mincomltd.com/
net.bitburst.gamesup,bitburst.net/
com.inshamobile,www.getinsha.com/
com.meetcleo.cleo,meetcleo.com/
com.clener.phone.free,ashyachannel.blogspot.com/
uk.co.thetimes,www.timesplus.co.uk/
com.autonews.motor,www.privacypolicies.com/
info.appcat.deepfall,www.privacypolicies.com/
com.rewedigital.shop,www.rewe.de/
com.pocket.starmatch3,www.bilivfun.com/
yw.wemet.siccurafamily,siccura.com/
online.moneyrawr.app,moneyrawr.online/
com.rta.mazetwist,www.redtwoapps.co.uk/
in.swiggy.android,swiggy.in/
com.mojoapps.hotindianchat,mojoapps123.blogspot.com/
com.karrot,www.airtimerewards.co.uk/
com.fetchrewards.fetchrewards.hop,www.fetchrewards.com/
com.mrnumber.blocker,mrnumber.com/
com.and2019dev.spacegalaxywars,and2019dev.github.io/
superiors.com.sawwa7,www.sawwahtravel.com/
antroid.cxtech.com.cxandroidproject,dx.exchange/
com.weplay.cuteprofile,www.ileadsoft.com/
com.zzkko,www.shein.com/
com.kd.Kitchen,www.ileadsoft.com/
io.infinito.wallet,infinitowallet.io/
co.say.android,www.say.co/
com.giftswall,tylcham.com/
com.snoorkerball,constructdevelopers.com.br/
com.yaisnGamerStudios.MatchTappColor,matchcolortap.blogspot.com/
net.uslotto.us_lottery,whoseapps.com/
com.suji.taewoo,production.f24sf63wwv.eu-west-1.elasticbeanstalk.com/
com.main.gopuff,gopuff.com/
com.cyberwoody.wakandaburger,tylcham.com/
com.lemonadeinc.lemonade,lemonade.com/
com.nguyentaihoa.wordwithstacks.wordstreakwithfriendsincrosswordgames,mvtuts.com/
com.satyasys.pocketcops,www.satyasys.com/
com.dsmedia.fasttodo,digitalsightmedia.com/
com.awaisdev.view,www.leneq.com/
com.luckyapp.winner,sites.google.com/
com.marekm.bilderwort,quickappninja.com/
com.mfine,www.mfine.co/
com.awesome.tsetsi.myflightdiary,www.termsfeed.com/
onxmaps.hunt,www.onxmaps.com/
com.errolapplications.bible365kjv,www.errolapps.com/
com.insurerance,insureranceconnect.com/
com.workdo.bdd,www.workdo.co/
com.global4tech.speakerboost.lite,www.workdo.co/
com.camelgames.wof,d326ffnh2ta1t0.cloudfront.net/
com.phonegap.rxpal,pharmeasy.in/
com.prepass.eld,prepass.com/
com.rockpapers,jeanmonyson.com.br/
com.clazbooks.clazbooks,www.clazbooks.com/
com.bizlog.triplog,triplogmileage.com/
com.ravineware.vastewine,www.vastewine.com/
com.dipan.feelingtouch.godfather,www.feelingtouch.com/
com.launchshipstudios.dots.connect,launchshipstudios.com/
com.frichinqo.android,www.frichinqo.com/
com.juphoon.justalk,justalk.com/
uk.co.telegraph.android,www.telegraph.co.uk/
com.pandstudio.doodleArt,zzz.ileadsoft.cn/
com.heynearby.mfa,wismoapp.com/
com.joinroot.root,www.joinroot.com/
com.adknown.bulletcavern,www.adknown.com/
psychic.chat.live.txt,robinpsychics.wixsite.com/
com.news24.extra.app,news24extra.com/
com.adknown.pastelpatisserie,adknown.com/
com.mixedup.deletedfilerecover,mixedupapp.blogspot.com/
com.clearscore.mobile,www.clearscore.com/
com.funkyfinch.lovetest,www.clearscore.com/
com.applogic.ultimatesportsquiz,quickappninja.com/
com.yahoo.apps.yahooapp,www.yahoo.com/
com.avantalytics.flutter,www.avantalytics.com/
com.gtarcade.eoa,eoc.gtarcade.com/
com.damik.goodwritingtalk,goodwritingtalk.firebaseapp.com/
com.libertex.mobile,www.libertex.com/
com.mediamol.pigquiz,golden-pig-app.com/
com.stocks.ahvro,ahrvo.com/
com.proxsky.ebaysellercalculator,ahrvo.com/
com.adknown.flowerdefenseforce,adknown.com/
com.spuul.android,spuul.com/
com.flipkart.android,www.flipkart.com/
com.adknown.jumpthesaw,adknown.com/
com.finabanx.droid.icash,icash.ca/
com.happywater.freegame,virtualappservices.blogspot.com/
com.codereader.yeeqrcode,goqr.me/
com.new.network.sms.instant.all.messenger,docs.google.com/
com.app.wlbcradio,Wlbcradio.com/
com.sale.expleo,www.fribix.com/
com.science.yarnapp,mammoth.la/
com.steamkitty.difonmom,mammoth.la/
com.adknown.korgispaceprogram,adknown.com/
de.sec.mobile,www.lidl-info.com/
com.app.kolloki,www.kolloki.co/
com.fanduel.android.self,www.fanduel.com/
com.jumpball.red.game,sites.google.com/
com.trickyriddles32.trickyriddles32,famousapps.wixsite.com/
short2.videoplayer.vmix.downloader,nomailcom.wordpress.com/
com.venninteractive.workout,www.venninteractive.com/
com.fbgamesslotmachine.com,sites.google.com/
vip.luckfun.fortune,luckfun.vip/
com.readdly,andromo.com/
com.ela.android,www.elawoman.com/
scratch.win.luckyfortune,g.goodfortunes.vip/
com.azimo.sendmoney,azimo.com/
com.tubitv,tubitv.com/
mappstreet.horoscope,www.mappstreet.com/
com.breadwallet,brd.com/
com.adekado.com.app,adekado.com/
com.mcdonalds.mobileapp,mcdonaldsapps.com/
com.cancerdev.gangstersupermoto,cancerdev.blogspot.com/
binaltd.haotef,www.binaa.co.il/
hotspotshield.android.vpn,www.hotspotshield.com/
com.ocito.laredoute,www.laredoute.fr/
com.Massfirm.AndroidMessenger,www.sharmobile.de/
com.fchtravel,www.sharmobile.de/
app.timeserver,timeserver.app/
com.FlyingAntsStudios.CarSmash.TrafficRacer,flyingantsstudios.com/
com.knizak.uptothesun,www.knizak.info/
com.hotheadgames.google.beta.idle_golf,www.hotheadgames.com/
com.wPlayDoughIceCreamForKids_8416649,www.appsgeyser.com/
com.williamsinteractive.hotshotcasino,www.sginteractive.com/
com.knogin,knogin.com/
pro.fapman,android.fapman.pro/
yearoftheboys.spacezodiacs,space-zodiacs.com/
com.ruchup,ruchup.com/
com.tqyapp.sb.flashlight,sunz.xyz/
com.here.mobility.somo,somo.com/
ru.oshemb.shoppinglist,timetabata.com/
com.candyfruits,constructdevelopers.com.br/
calcio.apptfi,docs.google.com/
com.virtual.dental.orthodontist.simulator,sites.google.com/
com.o1,www.shop101.com/
com.svsoftware.simplyshopping.grocery.list,www.shop101.com/
com.doro4028.iggcleaner,abm.2015game.com/
com.kotago.androidapp,kotago-kleinanzeigen.de/
com.Baskgames.AMAZE,www.baskgame.com/
net.clashbox.www,www.clashbox.net/
com.stitcher.app,stitcher.com/
com.pks.plankkstudio,www.plankk.com/
com.lotops.app,lotops.com/
de.tui.tuicom,www.tui.com/
com.freegame.robot,499287550.wixsite.com/
com.qapital,www.qapital.com/
com.nourapps.logta,logta.app/
de.baur.shop,www.baur.de/
com.trulia.android,www.trulia.com/
com.graymatrix.did,www.zee5.com/
com.nemo.TossBlade,zzz.ileadsoft.cn/
com.mysendeed.deedmysenior,www.wearesenior.co.uk/
com.appsrise.mylockscreen,www.mylockscreen.de/
br.com.barberinhome,figaaro.com/
com.desigames.ludo,www.miillc.us/
com.cyborion.contactsbackup,cyborion.com/
games.extradimension.tinymerge,extradimension.games/
com.adknown.bigpigranch,adknown.com/
br.com.amaisd,amaisd.com.br/
com.dollarswall.client,dollarswall.com/
com.aso.rdctunai.aps,docs.google.com/
com.droidhang.ad,www.droidhen.com/
com.inventif.inventifapp,www.inventif.ca/
com.maximiles.site,www.maximiles.com/
com.hunnenkoenig.deadlybird,www.hunnenkoenig.com/
com.nexonm.dominations.adk,www.nexonm.com/
com.rfi.sams.android,www.samsclub.com/
com.lightning.newlauncher,www.beleela.com/
com.bekground.aylife,www.aylife.de/
kids.preschool.educationalAppForKids,kidspreschool.herokuapp.com/
com.bamigames.pokeballmystery,www.bamigames.xyz/
com.shapa.android,shapa.me/
com.thumbtack.consumer,www.thumbtack.com/
com.indiaBulls,www.indiabullsdhani.com/
com.airfrance.android.dinamoprd,www.airfrance.fr/
com.tarotlife.tarot.card.reading.numerology,www.innovanatechlabs.com/
com.prasit.m_helpme,www.mhelpme.com/
org.fxclub.libertex,libertex.org/
com.covertalert.apps,Www.lucrativeinnovations.com/
com.oddsbattle.app,www.oddsbattle.com/
com.AppReal.ShootingBalls3D,www.crazyballstudio.com/
com.freeonlinepsychic,williamreadings.yolasite.com/
com.addon.invader,www.invader.be/
savagebearteam.minesmasher,www.invader.be/
cassie.instagram.video.save,cassiezhao11.github.io/
com.freeletics.lite,www.freeletics.com/
org.littlemama.sudoku,www.freeprivacypolicy.com/
com.traffic.street.speed.racer,sites.google.com/
com.gamestation.app,www.freeprivacypolicy.com/
com.playtika.caesarscasino,www.playtika.com/
com.kimo.android.kimo,www.playtika.com/
com.claritymoney.android.prod,www.marcus.com/
com.educationonline.calculator,nebula.000webhostapp.com/
com.mobime.ecooltra,www.ecooltra.com/
com.marktguru.mg2.de,www.marktguru.de/
woofer.sound.volumebooster.loud,www.marktguru.de/
net.victoriamilan.androidapp,www.victoriamilan.com/
com.laultimaoportunidad.tower,laultimaoportunidad.com/
com.giftpanda,www.giftpanda.mobi/
com.funny.riseup,www.awarepedia.com/
com.CrackleBitGames.JoyCrackle,sites.google.com/
com.rtaapps.skillsforalexa,www.redtwoapps.co.uk/
com.jwtechnology.lovery,lovery.app/
com.freeediamons.guidefree,sites.google.com/
com.coosha.cooshacalendar,www.cooshacalendar.com/
kr.co.angames.astrokings.google.android,www.playastrokings.com/
air.com.wildapp.sweetponynewborn,www.wildappgames.com/
com.racedrift,www.jeanmonyson.com.br/
com.destruction.seadevils,pingout.com/
com.adknown.smashyblock,www.adknown.com/
com.freegamestudios.nbaplayers,quickappninja.com/
com.papps.CrazySpeedCars,www.managethecompany.com/
com.freelovepsychic,freepsychicreading0.wixsite.com/
com.tipsports.wett,appsgeyser.com/
com.isavemagazine.igogig,www.side-hustleapp.com/
com.abdeveloper.PublisherBay,abdeveloper.com/
nl.jpvanleeuwen.mathforceone,abdeveloper.com/
com.throwgamehit.knifekward,gamedevnew.weebly.com/
mobi.mateam.news.russia,gamedevnew.weebly.com/
mappstreet.mohjong_solitaire,www.mappstreet.com/
com.ustadium.android,ustadium.com/
com.DigitalPeak.DebtStar,www.debtstar.tech/
com.embarcadero.Slotmachine,www.PixelotApps.de/
com.hyosogames.bestidlecooking,hyosogames.wordpress.com/
ru.megafon.travel,travel.megafon.ru/
com.mcentric.mcclient.MyMadrid,www.realmadrid.es/
com.androween.convertcurrency,www.realmadrid.es/
com.dating.android,www.dating.com/
love.thecove.app,www.cove.date/
tackl.me,tackl.me/
com.korrisoft.voice.recorder,ciamedia.com/
com.funkyfinch.happyegg,ciamedia.com/
com.dci.magzter,www.magzter.com/
com.acorn.tv,www.acorn.tv/
com.spreaker.custom.prod.app_54468,www.spreaker.com/
com.bs.free.wallpapers,docs.google.com/
co.madseven.launcher,www.madseven.co/
com.estatesmagnatclicker,apptwig.com/
org.lion.browser,apptwig.com/
com.plarium.vikings,www.plarium.com/
com.onemainstream.smithsonia.android,watch.smithsonianchannel.com/
com.travelerbuddy.app,www.travelerbuddy.com/
com.ishare.runninganimals,www.ileadsoft.com/
com.bahrigames.juicefresh,bahrijuicefresh.xyz/
com.bhanuapps.batteryringfree,www.yogeshdama.com/
com.blockpuzzle.free.game,gamedrroid.blogspot.com/
com.uken.BingoPop,www.jamcity.com/
jp.co.i_bec.suteki_happy,happymail.net/
cc.casinonews,casinonews.cc/
com.skybet.super6,super6.skysports.com/
com.humblecasino.game,humblecasino.com/
com.candypotions,constructdevelopers.com.br/
muzikinc.music.solking,sites.google.com/
com.little.qrcode,www.freeprivacypolicy.com/
id.hadiahku.santagifts,hadiahku.id/
com.yahoo.mobile.client.android.sportacular,sports.yahoo.com/
com.travelbud.deluxedigger,www.ileadsoft.com/
mappstreet.videotimer,www.mappstreet.com/
com.hapiyo.app,hapyio.com/
com.successquizes.wordsearch,quickappninja.com/
com.derschuler.superdeals,derschuler.com/
com.mena.mycatowner,menastar.idlefun.net/
com.bigbluebubble.singingmonsters.full,www.bigbluebubble.com/
com.igg.bzbee.deckheroes,www.igg.com/
swiftpeed.tvseries,sut.com.ng/
com.cbslocal.cbsyourday,cbsyourday.com/
com.appyogi.directapp_whatsapp,appyogi.com/
com.amolatina,new.amolatina.com/
com.adknown.sliceyninja,adknown.com/
com.softlookup.weather,www.softlookup.com/
mappstreet.mycalsports,www.mappstreet.com/
com.cat.puzzle.game_jump.snare,m3g-island.blogspot.com/
mappstreet.com.fakegpslocation,www.mappstreet.com/
com.adknown.dualexplore,www.adknown.com/
com.finkerapp,www.finker.co/
com.gazprom.reader,gazprom.ru/
com.gavrikos.shaman,gavrikos.bitbucket.io/
com.mitrade.mobile,www.mitrade.com/
com.forcecloud.app,www.forcecloud.be/
live.voltageapps.colorfilter,www.forcecloud.be/
com.magnificus.hoop,www.hoopmessenger.com/
com.ultimategameplay.tunneldrone,ugplay.com/
com.martialartsitn,www.itnnovation.co.uk/
com.ekkorr.endlessfrontier.global,s3.ap-northeast-2.amazonaws.com/
org.godotengine.saveocea,docs.google.com/
live.cbdnews,cbdnews.live/
com.mena.idleminer,www.ileadsoft.com/
ph.kreditpintar,app.atome.ph/
com.damtechdesigns.kbc,damtechdesigns.com/
com.servicemagic.consumer,www.homeadvisor.com/
com.GBit.OrbitRush,www.gbitstudios.com/
com.taichu.Mystery,www.gameloft.com/
com.rover.android,www.rover.com/
com.hqgames.pencil.sketch.photo,sites.google.com/
live.outsourceapps.roundandround,outsourceapps.live/
com.golich.golion,g.trackmyappeigt.club/
com.radiotown.fi,www.radiotown.fi/
com.lamoda.lite,lamoda.ru/
com.enzodev.coloring,goo.gl/
live.stream.thequk,www.q-live.co.uk/
com.clerkie.clerkieandroid,www.clerkie.io/
com.bandainamcoent.dblegends_ww,bandainamcoent.co.jp/
com.raflapp.samuelessery.raflandroidapp,www.raflapp.com/
com.anmedia.wowcher.ui,www.wowcher.co.uk/
jp.gungho.teppen,teppenthegame.com/
com.rakainc.fatburningfoods,nebula.000webhostapp.com/
com.catchsports.catchsports,live.bleacherreport.com/
com.abc.weatherworld,applogic.pro/
com.darksnake,jeanmonyson.com.br/
com.megafon.bank,bank.megafon.ru/
com.asiminc.flashlight.torch,www.linkedin.com/
com.vamp.colorism,curatedcontentltd.com/
com.whaleapp.resorthotel,www.whaleapp.com/
chat.meme.inke,www.meme.chat/
com.ss.android.ugc.trill,www.bytedance.com/
com.alibaba.intl.android.apps.poseidon,www.alibaba.com/
com.csaa.room8.providerRepository,www.room8.io/
com.adknown.kawaiiclawmachine,adknown.com/
com.cook.cookinggamesmarch2,www.modulesden.com/
com.mineradventures,www.modulesden.com/
com.badfishgame.wordaroundworld,zzz.ileadsoft.cn/
com.areatec.Digipare,www.digipare.com.br/
com.marktguru.android,www.marktguru.at/
com.bossrevolution.money.production,bossrevolution.com/
com.adknown.retroflickhockey,adknown.com/
app.bizyb.bizybee,bizybee.app/
de.clark.app,www.clark.de/
info.bitchanger.worldnews,www.clark.de/
com.SMCode.DeliverIt,sm-code.com/
com.gamytech.CoinRush,www.gamytech.com/
com.videostation.aadharpeloan,videostationprivacy.blogspot.com/
com.adknown.magicshellspell,www.adknown.com/
eu.devacon.emodat.forms,www.devacon.eu/
com.privalia.privalia,es.privalia.com/
com.news.break.bjxhzaeeuwovwtkiwnq,www.appyet.com/
com.xiwangkeji.grasscut2,sites.google.com/
city.dispatch,www.dispatch.city/
com.goalkeeperr,constructdevelopers.com.br/
net.rewarderr.client,rewarderr.net/
com.realfollowerspro,onlineshops.nu/
com.ncaa.mmlive.app,mmlfaq.ncaa.com/
com.orgname.projectMap,www.telkom.co.id/
com.adknown.fishdodge,www.adknown.com/
com.azarlive.android,azarlive.com/
com.pixonic.wwr,pixonic.com/
com.appsuy.vivipiria,vivipiria.uy/
com.starknife,www.myappfree.com/
com.clean.prospext,www.freeprivacypolicy.com/
de.motain.iliga,www.onefootball.com/
com.FractumInnovations.HyperlaneRunner,www.fractuminnovations.com/
com.adknown.brainsquared,adknown.com/
com.skware.policechase,skware.co.uk/
il.co.arkia,www.arkia.co.il/
com.cooking.cookingworldgame,www.modulesden.com/
com.global.taewang.lnb,lnb.the1one.kr/
com.muzmatch.muzmatchapp,www.muzmatch.com/
com.zappstudio.buckys,www.buckysapp.com/
com.thumbtack.pro,www.thumbtack.com/
com.dizzipay.allbanks,www.dizzipay.com/
gaming.toha_arcade.princess_bunny,bloggw.com/
com.vegawallet.in,www.VegaWallet.com/
com.whiteelephantdev.toyrockets,www.VegaWallet.com/
infinity.music,sites.google.com/
com.adknown.colorballz,adknown.com/
uk.co.next.android,www.next.co.uk/
com.xdapp.cleaning,sunz.xyz/
com.tinizine.azoomee,www.azoomee.com/
com.swansoft.unitesteps,www.azoomee.com/
makemoneyapp.eu,novaforen.com/
com.wonder.saver,squadronb.blogspot.com/
com.smartbeestudios.surveyrewards,www.smartbeestudios.com/
com.getrealfollowersboost,followers-and-leaders.com/
com.app.snoopie,dappspost.com/
com.playfirst.cookingdashx,www.glu.com/
com.betips.hp.goal,t.me/
com.ploupp.rewards,kencani.com/
com.livegame.afrochicken,www.livenowgames.com/
de.bauhaus.umzugshelfer,www.bauhaus.info/
net.webappradio.radionoveminutos,noveminutos.com/
com.unitedcommand.games.cupcakes,www.unitedcommand.com/
com.lokaci.lokacicustomer,lokaci.com/
com.damtechdesigns.spell.o,damtechdesigns.com/
com.paisabazaar,www.paisabazaar.com/
com.vzone.gzone,www.dropbox.com/
com.lidl.eci.lidlplus,www.lidlplus.com/
com.truthfinderpsp.app,www.truthfinder.com/
com.aol.mobile.aolapp,aol.uservoice.com/
com.adsoftware.wordfind,www.freeprivacypolicy.com/
com.elsg,www.ukimmigration.law/
com.ByteRockers_Games.Purrling,www.byterockers.games/
net.appbounty.android,www.appbounty.net/
com.adknown.doodledunk,www.adknown.com/
com.Gameplete.CardFantasy,cafe.naver.com/
com.kawasaki_audio.dentaku,ameblo.jp/
com.ultrafungames.stickmanhookrope,ameblo.jp/
messenger.social.chat.messenger,messenger2020.home.blog/
com.epicat.slidetheball,epicat.fun/
com.colorgames.colorcross,sites.google.com/
com.mygo.user,mygo.tech/
mappstreet.videoeditor,www.mappstreet.com/
com.finwizard.myway,mywaywealth.com/
com.diandian.gog,funplus.aihelp.net/
com.beautyorbeast,www.doubletimestudio.com/
com.news.break.usa,appyet.com/
com.audiobooks.androidapp,www.audiobooks.com/
com.rtaapps.dadjokes,www.redtwoapps.co.uk/
com.MoonlightGaming.QuizTravel,dehlin.net/
com.alshawy.app,shawyapp.com/
com.dotstudio.delibelly,kristofferancona.com/
com.pintacdesign.bestwifi,kristofferancona.com/
com.flower7game.wordsearch,sites.google.com/
com.prodege.answer,www.swagbucks.com/
com.vgsi.ropestunt,vgsiropestunt.blogspot.com/
com.jump2timesdevs,www.freeprivacypolicy.com/
com.fiftyfivepixels.weevilworld,www.weevilworld.com/
com.iplay.superminer,www.ileadsoft.com/
com.innogames.foeandroid,www.innogames.com/
com.wawlletapp,wawllet.com/
com.funnyapp_corp.game.maniacas,www.swing2app.co.kr/
com.youdagames.gop3multiplayer,www.governorofpoker.com/
com.puzzle.challange,www.governorofpoker.com/
com.semsemappz.jigsawanimals,discountsbargain.tumblr.com/
com.make.money.free.cash.andre,gamesappsdev.com/
com.agentspy.agentspyforwhats,agentspytool.wordpress.com/
app.serveanoffer.com.serveanoffer,www.serveanoffer.com/
com.gifygift.ecard,gifygift.com/
air.com.mindhut.divasalonmakeover,www.mindhut.games/
com.adknown.globjumper,adknown.com/
com.scopely.startrek,www.scopely.com/
com.adknown.tinybeans,www.adknown.com/
com.IsaiahJenkins.headbangerz,www.icjenkins.com/
com.exness.android.pa,www.exness.com/
com.hts.ams,www.volcanogames.com/
com.klab.captain283.global,www.tsubasa-dreamteam.com/
com.game.choco.match,www.appimize.com/
com.adknown.retrosudoku,adknown.com/
com.crystalcrackers.keepright,ontavya.com/
com.cleanmaster.mguard,www.cmcm.com/
com.phonebook.theredcorner,www.phonebook.nl/
com.freevpnintouch,www.betternet.co/
com.yuball,yuball.com/
pl.aviva.alls,www.teraz.pl/
com.e_estatesapp.www,e-estatesapp.com/
com.samahmakki.calculatorapp,samahmakki.com/
com.adknown.gitsmashed,adknown.com/
com.project.dipinpj.ipl2019,sites.google.com/
com.hovanthanh.flashlight,www.freeprivacypolicy.com/
com.woovly.bucketlist,www.woovly.com/
com.yahoo.mobile.client.android.finance,mobile.yahoo.com/
com.moochatplus.social,www.moochatplus.net/
com.sappalodapps.callblocker,ciamedia.com/
flash.caller.announcer.alert.block,ciamedia.com/
com.awesome.ting,Jfounode-env.xpcmhqqwdk.ap-northeast-2.elasticbeanstalk.com/
com.florestblocks,constructdevelopers.com.br/
co.focusly,focusly.co/
com.nfl.rush.gameday,www.nflrush.com/
com.ultrafunfitness.grocerylist,www.nflrush.com/
com.perblue.disneyheroes,perblue.com/
com.fredbaxterc.distortion,quickappninja.com/
com.getfollowerslikes,igtags.nl/
com.ruyou.artemonre.videotimer,ruyou.ru/
com.mobisoft.boon,boondirect.com/
mappstreet.emojisearch,secure.mappstreet.com/
com.nemo.balloontrip,www.ileadsoft.com/
com.delange.snack.crush.match.puzzle.game,www.ileadsoft.com/
info.menumiz.main.activity,menumiz.com/
com.moladin.android,moladin.com/
com.adabassar.voteszones,www.adabassar.com/
com.app.for.mobile.review.online,www.adabassar.com/
com.axiompph.europym,www.europym.es/
com.oumyahya.mathgame,www.europym.es/
com.bagelcode.slots1,site.bagelcode.com/
fr.bravenewmedia.cora.houdemont,www.bravenewmedia.fr/
com.ebates,www.ebates.com/
com.tarifo.match3jewels,www.ebates.com/
com.ch.ars,www.ileadsoft.com/
com.friendstudioincinc.crazymaze,www.webelinx.com/
net.playtouch.draculafrankensteinco,www.playtouch.net/
bubbleshooter.classic,www.ilyon.net/
com.akoya.games.world.street.car.racing,www.akoyagames.com/
com.mercatocapitale.tanamduit,www.tanamduit.com/
company.coinpop.coinpop,coinpop.online/
com.dacsee,dacsee.com/
com.myriadgames.winterslide3,www.freeprivacypolicy.com/
com.GoodyFunApps.solitaire,goodyfunapps.blogspot.com/
com.lilithgame.hgame.gp,www.lilithgames.com/
com.airallow.enclave,airallow.com/
com.dizzlr.koora,kooraapp.com/
com.fivedollars.aiakart,www.best100app.com/
com.avatrade.mobile,www.avatrade.com/
vacay.fyi.nearby.business.laxmisoft.appstarllc,appstarllc.com/
in.viccash.viccashh,vic-cash.com/
com.zimad.museum,zimad.com/
com.lafourchette.lafourchette,www.thefork.com/
com.poolgame.pro.mania,www.gamedroidlabs.com/
online.cashalarm.app,cashalarm.online/
com.adknown.neonballscooper,adknown.com/
com.nixhydragames.thearcana,www.nixhydra.com/
com.simi.flashlight,simistudio.net/
com.UltraFunGames.TouchRoulette,simistudio.net/
com.mr.bullseye,www.bullseyeinvestors.com/
com.kumo.tv,www.kumo.tv/
com.haulmont.shamrock.android,www.addisonlee.com/
com.ayrawf.worldcandyveggies,www.addisonlee.com/
com.buysellhodl,www.buysellhodlapp.com/
com.dynavix.navigation,www.dynavix.com/
com.mei,textmei.com/
net.lovoo.android,www.lovoo.com/
com.yahoo.mobile.client.android.mail,upgrade.mail.yahoo.com/
ru.lycurggame.fishfarm,lycurggame.ru/
com.candypopsicle,constructdevelopers.com.br/
com.fiahsonlinecas,www.freeprivacypolicy.com/
com.trycaviar.customer,www.trycaviar.com/
com.ambientautomotive.carbly,getcarbly.com/
br.com.bradesco.next,next.me/
com.playstudios.popslots,www.playstudios.com/
talking.toy.funny.panda,timeslily.com/
com.n.english.dictionary,www.nanialabs.com/
com.backticktools.pillreminder.alarm,www.doctorelephant.com/
com.zynga.livepoker,zyngasupport.helpshift.com/
com.adknown.hydroplane,www.adknown.com/
arne.de.spielekarteiapp,online-spielekartei.web.app/
games.ouzo.piece_of_mind,www.ouzo.games/
com.wingjoy.rohglobal,www.wingjoy.com/
com.studio.supercity,www.ileadsoft.com/
com.heatherglade.zero2hero,heatherglade.com/
com.R_Services.Memory,cryptosheifo.com/
com.macrobian.ultishooter,www.macrobiangames.com/
com.cyramax.followme,www.followme.bg/
com.turner.captainplanet,adultswim.com/
com.zigmos.my.app56fff445d65b4,www.zigmos.com/
free.vpn.unblock.proxy.unlimited.justvpn,justvpn.net/
com.stash.stashinvest,www.stashinvest.com/
com.bodybuilding.rise,www.bodybuilding.com/
com.imvu.mobilecordova,www.imvu.com/
com.megalabs.megafon.tv,megafon.tv/
com.marleyspoon,marleyspoon.com/
com.comunix.pokerface,getcomunix.com/
com.parksafe,privacypolicies.com/
com.oyo.consumer,www.oyorooms.com/
com.ChainsawGames.TheGameWall.ZKILLER,chainsawgames.net/
com.siriustraffic.harakhti1,siriustraffic.com/
com.tapwarss,jeanmonyson.com.br/
com.nemo.wordquizace,zzz.ileadsoft.cn/
com.lilithgame.roc.gp,www.lilithgames.com/
com.bloomyapp,bloomyapp.com/
in.bromela.touchdown,bromelain.mobi/
com.pirates.getway,fms.fantasticmobilesolution.com/
com.richleague,termsfeed.com/
com.UCMobile.intl,www.ucweb.com/
com.gamegobblersllc.theholidayjunctionjingleeditionfree,www.gamegobblers.com/
com.theluxurycloset.tclapplication,theluxurycloset.com/
com.check.info,docs.google.com/
com.iqoption,iqoption.com/
com.swissborg.android.community,swissborg.com/
com.empegraphics.promoreminder,www.sklep.sport-max.pl/
com.humayan.hexa,www.appreneursystem.com/
com.quge.bingopowerball,www.prosorte.com/
com.adknown.penguinclimber,adknown.com/
pt.anjes.space_motion,adknown.com/
best.app.around,www.freeprivacypolicy.com/
xyz.slingshotapps.rotateescape,www.freeprivacypolicy.com/
in.playsimple.tripcross,playsimple.in/
com.DGMBDrawDown.Levonfoster,unity3d.com/
de.miasanfcb.game,musicaroca.ninja/
ca.autotrader.userapp,www.autotrader.ca/
com.bandainamcoent.opbrww,bandainamcoent.co.jp/
com.iifl.mf,www.indiainfoline.com/
com.nemo.WordGuruPuzzle,zzz.ileadsoft.cn/
co.pointwise.panelist,www.collekt.co/
com.wellnessliving.elevate,www.wellnessliving.com/
com.colbal.jmpgofblls,www.wellnessliving.com/
com.world.and.entertainment.news,appyet.com/
com.chefling.chefling,www.chefling.net/
pmlearning.inc,support-pmlearning.blogspot.com/
com.flondra.music.download.mp3.downloader.converter,jvmaxx.com/
app.eventor,eventor.app/
co.mobigaming.live,www.mobigaming.co/
com.infosys.it.infosysitapp,www.Infosys.com/
com.totalcryptoprofit,www.totalcryptoprofit.com/
com.buxbo.buxbo,buxbo.app/
com.dealdash,www.dealdash.com/
de.jochen_schweizer.jsnow,www.jochen-schweizer.de/
jp.gungho.pad,pad.gungho.jp/
com.laugh.talking.goat,timeslily.com/
com.ad.oretycoon,thehotgames.com/
com.tubbr,tubbr.co/
com.gamzplay.papercoin,gamzplay.com/
com.nusatalent.nusatalent,nusatalent.com/
com.westernunion.moneytransferr3app.eu,www.westernunion.com/
com.dsmart.blu.android,www.blutv.com.tr/
leyi.westgame,privacy-policy.simpysam.com/
com.coinbase.android,coinbase.com/
com.agmstudios.blockpuzzlechallenge,coinbase.com/
com.stg.hinder,hindersprivacypolicy.blogspot.com/
