psychic.love.reading,psychicpredictions.jimdo.com/,2019-03-19 00:00:00
com.myflexifit.app,www.auro.fit/,2019-03-25 00:00:00
com.mcdonalds.android,www.mcdonalds.es/,2019-04-11 00:00:00
com.adknown.dungeonminerquest,adknown.com/,2019-05-25 00:00:00
com.amazon.mShop.android.shopping,www.amazon.co.jp/,2019-03-07 00:00:00
com.starbucks.mobilecard,www.starbucks.com/,2019-03-08 00:00:00
com.snowrunner,ramonleonardo2013.com.br/,2019-04-11 00:00:00
com.zulily.android,www.zulily.com/,2019-05-10 00:00:00
com.albosdevelopment.albosdkt,mobsports.org/,2019-03-27 00:00:00
com.houserescue,ramonleonardo2013.com.br/,2019-05-14 00:00:00
com.enflick.android.TextNow,www.textnow.com/,2019-03-06 00:00:00
mappstreet.antitheftinc,www.mappstreet.com/,2019-04-11 00:00:00
com.cashappforcoc,dailycashwalletpp.blogspot.com/,2019-03-20 00:00:00
com.spaceboss,jeanmonyson.com.br/,2019-05-23 00:00:00
com.gazzappergames.milliplode.millipede,www.gazzapper.com/,2019-05-08 00:00:00
com.adknown.circlecircle,adknown.com/,2019-04-03 00:00:00
com.horoscopeclub,horoscopeclub.app/,2019-03-05 00:00:00
com.kaviyabuilders.DrawLineBounce,www.freeprivacypolicy.com/,2019-06-13 00:00:00
taxi.android.client,www.mytaxi.com/,2019-03-26 00:00:00
com.parkflowuk.parklook,parklook.com/,2019-03-28 00:00:00
com.crazybirds,constructdevelopers.com.br/,2019-05-07 00:00:00
com.redkoala.colorbounce,color-bounce-jump-ma.flycricket.io/,2019-05-20 00:00:00
online.appflame.app,appflame.online/,2019-03-07 00:00:00
com.accor.appli.hybrid,www.accorhotels.com/,2019-05-27 00:00:00
com.freevegasslotmachincess.com,sites.google.com/,2019-04-03 00:00:00
com.taggedapp,www.tagged.com/,2019-03-27 00:00:00
com.adknown.highspeedheist,adknown.com/,2019-04-10 00:00:00
net.lovelymo.app,www.lovelymo.net/,2019-03-05 00:00:00
com.augmetic.chowkidar,augmeticinfotech.com/,2019-04-02 00:00:00
com.onlinelivechannels.freeapp,onlinelivechannels.com/,2019-04-10 00:00:00
com.castles.today,www.castles.today/,2019-03-26 00:00:00
de.foodora.android,www.foodora.com/,2019-03-15 00:00:00
com.win.flix,geterewards.com/,2019-05-27 00:00:00
com.jonathan.stackit,geterewards.com/,2019-04-03 00:00:00
com.game.arcade.galaxy.war.shooting,docs.google.com/,2019-03-08 00:00:00
com.isoftapps.maxplayerprovideoplayer,sites.google.com/,2019-03-26 00:00:00
com.technosiblings.paintit2d,technosiblings.com/,2019-03-31 00:00:00
online.luckyminer.app,luckyminer.online/,2019-03-19 00:00:00
org.adadventure.piratebay,adadventure.org/,2019-03-07 00:00:00
com.jumptheque.jumptheque,www.jumptheque.ae/,2019-04-19 00:00:00
com.bigtoken.consumer,bigtoken.com/,2019-03-10 00:00:00
com.magicspell.colortwist,quickappninja.com/,2019-06-15 00:00:00
com.adknown.fireballrush,adknown.com/,2019-04-03 00:00:00
com.i2olshop.videodownloaderforfacebook,i2olshopprivacypolicy.blogspot.com/,2019-06-13 00:00:00
com.sharhantv.iptv,i2olshopprivacypolicy.blogspot.com/,2019-06-04 00:00:00
draw.one.line.puzzle.game.fun,ehub-games.blogspot.com/,2019-03-13 00:00:00
com.app.Immerch,www.immerch.com/,2019-03-18 00:00:00
com.sixt.reservation,www.sixt.de/,2019-03-30 00:00:00
com.amctve.amcfullepisodes,www.amc.com/,2019-06-16 00:00:00
com.quizclub.app,github.com/,2019-03-05 00:00:00
com.pluggdd.drunklocker,pluggdd.com/,2019-06-04 00:00:00
com.SK.SuperHexagon,steelkrill.com/,2019-05-23 00:00:00
com.cleartrip.android,www.cleartrip.com/,2019-03-11 00:00:00
com.nemo.runningpuppy,www.ileadsoft.com/,2019-05-16 00:00:00
com.addictionsoin.onlinespins.allbonuslimitless.funapp,www.freeprivacypolicy.com/,2019-05-23 00:00:00
com.yamaappspolicescanner.police.scanner.radio.fire.emergency.alerts,goo.gl/,2019-03-05 00:00:00
com.com2us.ninepb3d.normal.freefull.google.global.android.common,www.withhive.com/,2019-04-28 00:00:00
com.binatebits.hunt,www.huntnbuddyapp.com/,2019-03-05 00:00:00
com.mojodigi.smartcamscanner,mojodigitech.com/,2019-05-13 00:00:00
com.adsoftware.nightwarrior,www.freeprivacypolicy.com/,2019-03-05 00:00:00
com.fiton.android,fitonapp.com/,2019-05-10 00:00:00
com.stcity.sharpkni,snowthority.com/,2019-03-05 00:00:00
com.zynga.words,zyngasupport.helpshift.com/,2019-03-07 00:00:00
com.abi.balls.blockshooter,onesoft.com.vn/,2019-03-17 00:00:00
com.eyekandy.ar.walmart,www.eyekandy.com/,2019-03-07 00:00:00
com.timeviewer.tv,www.beinmedia.com/,2019-05-13 00:00:00
com.drapplabs.breakme,myprivacyrule.blogspot.com/,2019-06-15 00:00:00
com.zugsoft.bralme2,www.zugsoft.com/,2019-05-04 00:00:00
com.mobilexpression.ltvpnb,www.mobilexpression.com/,2019-04-18 00:00:00
com.mobilead.freehdwallpaper,www.cmcm.com/,2019-05-12 00:00:00
app.bitfreezer.wallet,bitfreezer.app/,2019-06-14 00:00:00
com.adsoftware.runnerdead,www.freeprivacypolicy.com/,2019-03-05 00:00:00
com.sarkms.cclib,www.sarkmobilesolutions.com/,2019-04-23 00:00:00
com.yapa,yapaapp.com/,2019-04-10 00:00:00
com.gamehunt.ddt,gamehunt.asia/,2019-03-08 00:00:00
com.quicksum,jeanmonyson.com.br/,2019-05-17 00:00:00
com.andromo.dev802431.app929581,www.worthy-works.com/,2019-03-27 00:00:00
de.mcoins.fitplay,www.fitplay.info/,2019-03-20 00:00:00
in.droom,droom.in/,2019-03-14 00:00:00
com.kartrancig,constructdevelopers.com.br/,2019-05-15 00:00:00
com.gibcorp.oneshot,constructdevelopers.com.br/,2019-03-20 00:00:00
com.audible.application,www.audible.com/,2019-03-06 00:00:00
air.com.ayopagames.logicdotsandroid,www.ayopagames.com/,2019-06-04 00:00:00
com.hoochapp.hooch,hooch.co/,2019-05-06 00:00:00
air.com.playtika.slotomania,www.slotomania.com/,2019-03-05 00:00:00
de.immowelt.android.immobiliensuche,www.immowelt.de/,2019-03-06 00:00:00
com.tabuu.android,www.gotabuu.com/,2019-03-05 00:00:00
mappstreet.freestreet,www.mappstreet.com/,2019-03-06 00:00:00
com.friendstudioinc.reedadventures,www.webelinx.com/,2019-06-17 00:00:00
uk.co.which.reviews,www.which.co.uk/,2019-05-05 00:00:00
com.blackwhitee,jeanmonyson.com.br/,2019-05-19 00:00:00
com.boolgame.sniper,boolgame.blogspot.com/,2019-04-18 00:00:00
com.rewardstash.app,www.rewardstash.com/,2019-03-29 00:00:00
ru.tinkoff.investing,www.tinkoff.ru/,2019-03-13 00:00:00
com.adknown.catchyball,adknown.com/,2019-06-14 00:00:00
com.babbel.mobile.android.en,pl.babbel.com/,2019-03-28 00:00:00
com.takimi.android,taimi.com/,2019-03-24 00:00:00
com.joshshen.theman,production.f24sf63wwv.eu-west-1.elasticbeanstalk.com/,2019-04-30 00:00:00
c.offerak.speedshopper,www.speedshopperapp.com/,2019-05-27 00:00:00
com.farmcrowdy.farmcrowdyfarmers,farmcrowdy.com/,2019-03-07 00:00:00
com.madbarz.madbarzApp,www.madbarz.com/,2019-03-13 00:00:00
ae.atpm.salesofficerapp,www.atpm.ae/,2019-04-03 00:00:00
gaming.toha_arcade.save_rocket,www.atpm.ae/,2019-03-27 00:00:00
me.clearwaterapps.stackahouse,www.atpm.ae/,2019-03-19 00:00:00
com.aniplex.fategrandorder.en,fate-go.us/,2019-03-10 00:00:00
com.myyearbook.m,www.meetme.com/,2019-04-27 00:00:00
com.linkdesks.slotking,www.linkdesks.com/,2019-03-10 00:00:00
com.spareroom.spareroomuk,www.spareroom.co.uk/,2019-03-29 00:00:00
pl.polregio,polregio.pl/,2019-04-26 00:00:00
com.phpmalik.wallzyPro,phpmalik.com/,2019-03-26 00:00:00
com.bestinspirational.quotes,www.ciamedia.com/,2019-04-04 00:00:00
com.app.rondevo,approndevo.com/,2019-04-12 00:00:00
com.ncp.ncpmobile,ncponline.com/,2019-03-17 00:00:00
com.gamelife.videodownloaderx,app.toolbag.top/,2019-04-15 00:00:00
space.blam.bb3,blamapps2018.blogspot.com/,2019-03-17 00:00:00
com.blackside.gravedigger,blacksidegames.com/,2019-04-19 00:00:00
com.mediamol.unicorn,www.qp-king.com/,2019-04-29 00:00:00
com.inkshared.banderas_del_mundo_quiz,app.inkshared.com/,2019-03-24 00:00:00
com.quizparty.app,github.com/,2019-03-05 00:00:00
com.Golden.DinoABC,github.com/,2019-05-07 00:00:00
com.voicefive.mms,www.mymobilesecure.com/,2019-04-28 00:00:00
com.amazon.mp3,amazon.com/,2019-03-05 00:00:00
com.v4yu,alldevcode.com/,2019-06-13 00:00:00
com.cjelliott.tunnel,cjelliott.com/,2019-04-04 00:00:00
mappstreet.funny_jump,www.mappstreet.com/,2019-03-06 00:00:00
net.MasqueradeMedia.Romantasia,www.masquerademedia.net/,2019-04-29 00:00:00
com.kareemelmadi.tankgame,www.freeprivacypolicy.com/,2019-04-30 00:00:00
com.gamzplay.checkers,gamzplay.com/,2019-03-26 00:00:00
com.starhunter,nantediamante81.com.br/,2019-04-12 00:00:00
com.scorp.who,zazar-e5379.firebaseapp.com/,2019-03-14 00:00:00
com.appynation.wbpc,www.appynation.com/,2019-03-25 00:00:00
com.upst.hayu,www.hayu.com/,2019-03-05 00:00:00
mappstreet.gerdooter,www.mappstreet.com/,2019-03-16 00:00:00
com.carshoww,constructdevelopers.com.br/,2019-05-15 00:00:00
haygot.togyah.app,www.toppr.com/,2019-03-14 00:00:00
com.candycookie,constructdevelopers.com.br/,2019-05-13 00:00:00
com.melesta.coffeeshop,www.melesta-games.com/,2019-03-05 00:00:00
com.mmm.trebelmusic,www.trebel.io/,2019-03-05 00:00:00
com.lovememory,constructdevelopers.com.br/,2019-05-21 00:00:00
se.maginteractive.worddomination,www.maginteractive.com/,2019-05-10 00:00:00
com.EZ.FlashAndDisplay.light,www.freeprivacypolicy.com/,2019-06-13 00:00:00
com.skytecgames.survival,www.skytecgames.ru/,2019-04-29 00:00:00
com.thekonnectapp.thekonnect,Thekonnectapp.com/,2019-03-14 00:00:00
pl.pracuj.android.jobsearcher,www.pracuj.pl/,2019-04-28 00:00:00
mappstreet.lifesaver,www.mappstreet.com/,2019-03-05 00:00:00
workout.fitness.training.abs.loseweight,bit.ly/,2019-03-22 00:00:00
air.com.pipastudios.release.praiabingo,www.pipastudios.com/,2019-04-11 00:00:00
in.playsimple.wordtrip,playsimple.in/,2019-04-04 00:00:00
com.rakainc.moviezone,nebula.000webhostapp.com/,2019-03-07 00:00:00
com.capricciohunt.game,capricciohunt.com/,2019-05-08 00:00:00
com.planetart.fpuk,www.freeprintsapp.co.uk/,2019-03-26 00:00:00
com.mentormate.android.inboxdollars,www.inboxdollars.com/,2019-03-12 00:00:00
com.xebusinesshaven.tafutampenzi,tm.xebusinesshaven.com/,2019-04-04 00:00:00
mappstreet.cards,www.mappstreet.com/,2019-04-02 00:00:00
com.world.cup.live.cricket.score.card,policycreator.net/,2019-06-04 00:00:00
pl.zabka.apb2c,www.zabka.pl/,2019-05-23 00:00:00
com.booking,www.booking.com/,2019-05-06 00:00:00
com.receiptpalapp.android,www.receiptpalapp.com/,2019-04-28 00:00:00
com.clean.my.phone.booster,cleanmyphoneapp.blogspot.com/,2019-04-04 00:00:00
com.kamagames.blackjack,www.blackjackist.com/,2019-06-06 00:00:00
com.tbott.memory,tjbott.com/,2019-05-03 00:00:00
com.kobobooks.android.walmart,www.walmart.com/,2019-03-05 00:00:00
com.fiverr.fiverr,www.fiverr.com/,2019-03-05 00:00:00
com.joshshen.hiscall,production.f24sf63wwv.eu-west-1.elasticbeanstalk.com/,2019-05-07 00:00:00
com.mobile.sl.cosmo,www.softlife-mobile.com/,2019-03-05 00:00:00
com.oath.flamingo,policies.oath.com/,2019-03-11 00:00:00
com.dialog.eld,dialogeld.com/,2019-04-23 00:00:00
com.myspinner.mygames,www.dropbox.com/,2019-05-15 00:00:00
mappstreet.ViuT,www.mappstreet.com/,2019-03-06 00:00:00
com.evogames.slavsforvk,mysterytag.com/,2019-03-05 00:00:00
com.qpidnetwork.dating,www.QpidNetwork.com/,2019-03-20 00:00:00
com.mars.avgchapters,crazymaplestudio.blogspot.com/,2019-05-08 00:00:00
com.clubmalwa.profectuslab.clubmalwaapp,www.clubmalwa.com/,2019-03-30 00:00:00
co.urmobi.four.photos.one.word,urmobi.co/,2019-04-11 00:00:00
com.DirtBikeVsAtv.RacingGame,tip-top-games.weebly.com/,2019-03-10 00:00:00
com.geaxgame.gamezone.texas,oldvegasapi.myslots.us/,2019-03-06 00:00:00
net.supertreat.solitaire,www.supertreat.net/,2019-03-05 00:00:00
com.treebo.starscream,www.treebo.com/,2019-03-17 00:00:00
com.remotearthsolutions.expensetracker,remotearth.solutions/,2019-03-17 00:00:00
com.nemo.zooDiary,www.ileadsoft.com/,2019-05-16 00:00:00
com.ebookrenta.en_app,www.ebookrenta.com/,2019-03-27 00:00:00
com.frozenshot,constructdevelopers.com.br/,2019-04-16 00:00:00
com.BoltStrikeGames.GoldCollector,sites.google.com/,2019-04-02 00:00:00
xyz.wildcatapps.dotsquared,sites.google.com/,2019-06-16 00:00:00
com.lumen.app,www.lumenapp.com/,2019-06-05 00:00:00
com.jumpingbunny,constructdevelopers.com.br/,2019-05-07 00:00:00
com.com2us.smon.normal.freefull.google.kr.android.common,www.withhive.com/,2019-03-11 00:00:00
similfinder.com.aaaaaa,www.similfinder.com/,2019-04-03 00:00:00
com.imhabesha.com.app,www.imHABESHA.com/,2019-03-27 00:00:00
com.startup.heimat24,www.heimat24.de/,2019-03-13 00:00:00
com.rgue,www.rgueapp.com/,2019-05-22 00:00:00
com.visualy.android,privacypolicies.com/,2019-03-05 00:00:00
com.newchic.client,www.newchic.com/,2019-03-19 00:00:00
com.cashkarma.app,www.cashkarma.io/,2019-03-05 00:00:00
peertopeer.shipping.wireships,www.wireships.com/,2019-05-07 00:00:00
com.igismall.casinogamesfreeslotmachinesbonus,slotandcasinogames.com/,2019-03-29 00:00:00
org.adadventure.hunters,adadventure.org/,2019-03-07 00:00:00
com.BAR.Hot.Rod.Traffic.Racer,flydrivestay.com/,2019-03-17 00:00:00
com.scopely.yux,www.scopely.com/,2019-03-07 00:00:00
com.appkarma.app,www.appkarma.io/,2019-03-05 00:00:00
com.igg.android.lordsmobile,www.igg.com/,2019-03-05 00:00:00
com.dgame.zombies,www.prosorte.com/,2019-03-10 00:00:00
com.dataxad.folocardoffline,folocard.com/,2019-03-13 00:00:00
com.bandagames.mpuzzle.gp,androidpuzzlessupport.zendesk.com/,2019-03-06 00:00:00
com.feelingtouch.idl,www.feelingtouch.com/,2019-03-05 00:00:00
com.hopemobi.lightupball,sites.google.com/,2019-03-29 00:00:00
com.funkyfinch.bfftest,www.termsfeed.com/,2019-03-17 00:00:00
air.com.fiftyfivepixels.cratercraft,www.55pixels.com/,2019-04-03 00:00:00
uk.rizbit.converter,RizbIT.UK/,2019-03-20 00:00:00
com.aliexplorerapp.aliexplorer,aliexplorerapp.com/,2019-03-28 00:00:00
com.leaseswapp.swapp,www.leaseswapp.com/,2019-03-29 00:00:00
com.zirtue.app,www.zirtue.com/,2019-06-16 00:00:00
com.EmrldSplash.horserunner,docs.google.com/,2019-05-27 00:00:00
com.lee.huu.fourstage,stage-22224902.firebaseapp.com/,2019-03-17 00:00:00
app.monific.budget,monific.app/,2019-04-19 00:00:00
com.fun.fourcolors,geterewards.com/,2019-04-15 00:00:00
com.talkspaceapp.talkspace,zoopaworld.com/,2019-05-04 00:00:00
com.Ghkgame.bangdown,www.ghkglobal.games/,2019-04-15 00:00:00
com.menagames.MadnessRush,www.ghkglobal.games/,2019-03-12 00:00:00
com.YoStarEN.AzurLane,www.yo-star.com/,2019-05-08 00:00:00
com.reverbs.bouncy.cat,kykn0s.wordpress.com/,2019-05-04 00:00:00
com.kotrivia,www.kotrivia.com/,2019-03-08 00:00:00
com.payboxapp,www.payboxapp.com/,2019-05-03 00:00:00
com.taxact.express2013,www.taxact.com/,2019-04-04 00:00:00
com.nexusmedia.easymobile.tryotapp,tryot.us/,2019-04-29 00:00:00
com.frankensteinpuzzle,constructdevelopers.com.br/,2019-03-08 00:00:00
com.and.riseofthekings,www.onemt.com/,2019-03-25 00:00:00
com.groboot.yala,www.fattal.co.il/,2019-03-16 00:00:00
ns.free.light.novel.reader,novelreaderapp.wordpress.com/,2019-05-23 00:00:00
com.watchback.android,watchback.com/,2019-03-21 00:00:00
com.explorercorp.cog,www.cityofgamesapp.com/,2019-03-05 00:00:00
io.thatisnomoon.ambidexter,yunar.de/,2019-03-05 00:00:00
com.quwidget.quoteswidget,CardzyGames.com/,2019-03-15 00:00:00
com.upjers.zoo2animalpark,upjers.com/,2019-03-07 00:00:00
com.Vegas.Style.cKeno,upjers.com/,2019-03-26 00:00:00
com.hangingmonkey,constructdevelopers.com.br/,2019-03-08 00:00:00
com.TuoMuseo.AlifeInMusic,www.tuomuseo.it/,2019-03-05 00:00:00
com.wishabi.flipp,app.flipp.com/,2019-03-20 00:00:00
com.rtygames.sestryball,sestryball.blogspot.com/,2019-03-30 00:00:00
com.zamfox.aman.zamfox,advancedtribe.com/,2019-04-11 00:00:00
fi.iwa.mobile.android.tempo,www.yomp.app/,2019-04-09 00:00:00
com.perblue.portalquest,perblue.com/,2019-03-06 00:00:00
ru.crazybit.experiment,nextersglobal.com/,2019-03-05 00:00:00
com.whaleshark.retailmenot,www.retailmenot.com/,2019-03-29 00:00:00
com.grammarly.android.keyboard,www.grammarly.com/,2019-03-13 00:00:00
com.epicactiononline.ffxv.ane,www.epicaction-online.com/,2019-05-03 00:00:00
com.gamenow.trumprun,asymmetricalwar.com/,2019-03-12 00:00:00
com.ut.eld,gpstab.com/,2019-03-10 00:00:00
com.ztnstudio.notepad,juridical.calldorado.com/,2019-05-11 00:00:00
com.sf.monarch,splashfactory.com/,2019-03-11 00:00:00
com.move.realtor,www.realtor.com/,2019-06-14 00:00:00
com.DeimosStudio.PolygonAdventure,www.deimosstudio.com/,2019-06-13 00:00:00
com.application.science.kings.sciencecalculator,kings-inc.blogspot.com/,2019-06-16 00:00:00
com.Company.BlackMatter,geekmobile.org/,2019-05-23 00:00:00
online.appstation.app,appstation.online/,2019-03-18 00:00:00
com.fallound.app,fallound.com/,2019-04-03 00:00:00
com.cook.cookinggamesfastfood,www.modulesden.com/,2019-05-06 00:00:00
com.fintonic,www.fintonic.com/,2019-03-05 00:00:00
com.qrscangen.a3,telegra.ph/,2019-04-09 00:00:00
com.smprops.colorszigzag,privacypolicies.com/,2019-03-19 00:00:00
com.eterno,m.dailyhunt.in/,2019-03-07 00:00:00
com.candycook,constructdevelopers.com.br/,2019-05-13 00:00:00
com.show.truecaller.slide.free.screenoncall,docs.google.com/,2019-05-18 00:00:00
com.myveva.myveva,Myveva.com/,2019-03-09 00:00:00
com.j25.NewGames.AllInOneApp,appmall.000webhostapp.com/,2019-06-05 00:00:00
com.crewanimation.pika,marvystudios.com/,2019-05-08 00:00:00
com.kiki.kiki,www.kikiapp.es/,2019-06-04 00:00:00
com.ashleymadison.mobile,www.rubylife.com/,2019-03-05 00:00:00
com.nordvpn.android,nordvpn.com/,2019-03-14 00:00:00
com.uniksoft.videodownloader,maaapps.blogspot.com/,2019-03-17 00:00:00
com.appnabil.appnabil,appnabil.com/,2019-03-08 00:00:00
com.igg.android.mobileroyale,www.igg.com/,2019-03-05 00:00:00
com.grady.poolplayer,www.poolplayer.eu/,2019-03-13 00:00:00
com.toppsychicreadingfree,westprivacypolicy.yolasite.com/,2019-03-06 00:00:00
com.nymbium.merchant8,merchant8.com/,2019-05-07 00:00:00
net.interkontakt.ikdatingik,www.interkontakt.net/,2019-03-08 00:00:00
com.softlookup.caltracker,www.softlookup.com/,2019-04-29 00:00:00
com.tess.athomept,app.termly.io/,2019-03-11 00:00:00
com.cbse.ncert.books,appsmashtech.wixsite.com/,2019-03-20 00:00:00
com.lemonchiligames.kidos,www.boopkids.com/,2019-05-17 00:00:00
com.nexters.herowars,nextersglobal.com/,2019-03-09 00:00:00
com.backflipstudios.android.dragonvale,www.backflipstudios.com/,2019-03-18 00:00:00
com.parship.android,www.parship.de/,2019-04-02 00:00:00
com.ytu.rocketdogger,rocketdoggergame.blogspot.com/,2019-03-11 00:00:00
com.cartadis.cartadispay,www.cartadis.com/,2019-05-07 00:00:00
de.flixbus.app,www.flixbus.de/,2019-03-05 00:00:00
io.arax.cryptowallet,arax.io/,2019-05-15 00:00:00
com.viapps.car.home.personal.loan.emicalculator,vishvinfotech.com/,2019-05-03 00:00:00
callid.name.announcer,ciamedia.com/,2019-03-07 00:00:00
com.candybear,constructdevelopers.com.br/,2019-05-17 00:00:00
com.honeyhunt,constructdevelopers.com.br/,2019-03-08 00:00:00
com.moonactive.coinmaster,moonactive.zendesk.com/,2019-03-05 00:00:00
com.treegifts.treegifts,treegifts.xyz/,2019-04-01 00:00:00
com.instar.wallet,insights.network/,2019-03-07 00:00:00
com.plarium.raidlegends,www.plarium.com/,2019-05-24 00:00:00
com.maseapps.swinging_zoo.game.android,maseapps.com/,2019-04-03 00:00:00
com.turnkey.imobile.bob,www.bankofbeirut.com/,2019-03-08 00:00:00
com.zoopla.activity,www.zoopla.co.uk/,2019-05-22 00:00:00
com.apartmentlist.mobile,www.apartmentlist.com/,2019-05-28 00:00:00
com.free.camera.translator,myprivacyrule.blogspot.com/,2019-06-15 00:00:00
com.emagroups.ic2,tow.neocraftstudio.com/,2019-05-09 00:00:00
com.funplus.kingofavalon,funplus.helpshift.com/,2019-06-04 00:00:00
com.dowallet,www.dowallet.app/,2019-06-17 00:00:00
de.autodoc.gmbh,www.autodoc.de/,2019-04-02 00:00:00
com.yottagames.mafiawar,www.yottagames.com/,2019-03-07 00:00:00
com.chagmagames.bahripuzzle,sites.google.com/,2019-03-15 00:00:00
com.rtaapps.commandsforsiri,www.redtwoapps.co.uk/,2019-04-18 00:00:00
com.deemedyainc.duels,www.deemedya.com/,2019-04-02 00:00:00
mappstreet.fs_soccer,www.mappstreet.com/,2019-03-05 00:00:00
com.thredup.android,www.thredup.com/,2019-03-08 00:00:00
com.denizen.dev,denizen.io/,2019-05-22 00:00:00
co.bloom.app,bloom.co/,2019-03-15 00:00:00
com.jigru16.backgrounderaser,www.jigru16.com/,2019-04-29 00:00:00
net.flirtylove.my,flirtylove.net/,2019-03-11 00:00:00
co.polypop.pigmentum,sickafmedia.com/,2019-06-13 00:00:00
net.slickdeals.android,www.slickdeals.net/,2019-03-06 00:00:00
com.headshot,constructdevelopers.com.br/,2019-04-16 00:00:00
com.Strawberry_baby_shop,strawberrybabyshop.co/,2019-03-14 00:00:00
com.adswapper.moolabag,www.moolabag.mobi/,2019-03-05 00:00:00
com.candyiceburning,constructdevelopers.com.br/,2019-05-15 00:00:00
com.mistplay.mistplay,www.mistplay.com/,2019-03-05 00:00:00
com.magicshot,www.constructdevelopers.com.br/,2019-03-11 00:00:00
com.rookeeapp.rookee.rookee,rookee.com.au/,2019-05-27 00:00:00
com.sportscheck.mobile,www.sportscheck.com/,2019-04-11 00:00:00
com.topface.topface,topface.com/,2019-05-07 00:00:00
com.letyshops,letyshops.com/,2019-06-14 00:00:00
co.busha.android,busha.co/,2019-05-14 00:00:00
com.cowboysadventures,constructdevelopers.com.br/,2019-04-12 00:00:00
com.gopaysense.android.boost,www.gopaysense.com/,2019-04-19 00:00:00
pl.carrefour.carrefourmobile,www.carrefour.pl/,2019-03-24 00:00:00
com.paymeeasy.client,www.paymeeasy.mobi/,2019-03-06 00:00:00
com.gamehag.app,gamehag.com/,2019-03-05 00:00:00
com.snowadventures,nantediamante81.com.br/,2019-03-26 00:00:00
com.PMStudios.PMSPlatform,www.pmstudios.it/,2019-03-16 00:00:00
com.jnj.acuvue.consumer,www.acuvue.ru/,2019-06-04 00:00:00
com.fgmt.reversi,d.trkngmydatafourtn.club/,2019-03-07 00:00:00
info.myapp.allemailaccess,ciamedia.com/,2019-03-07 00:00:00
com.onedebit.chime,chimebank.com/,2019-04-29 00:00:00
air.com.sublinet.tastytale,www.sweetnitro.com/,2019-05-18 00:00:00
com.jakekidsheropirates.platordev,www.sweetnitro.com/,2019-03-16 00:00:00
com.yomobstudio.dominoes.puzzle.dragnmerge,www.toggolino.de/,2019-04-11 00:00:00
no.ingeniorutdanning.treadrun,treadmill.tv/,2019-03-26 00:00:00
com.tqygame.synthetic,sunz.xyz/,2019-03-26 00:00:00
com.lucktastic.scratch,www.lucktastic.com/,2019-03-08 00:00:00
com.educationonline.filelocker,nebula.000webhostapp.com/,2019-03-11 00:00:00
com.binomo.tournaments,binomo.com/,2019-04-16 00:00:00
com.appleby.writer,writer-pro.web.app/,2019-06-07 00:00:00
com.goodrx,www.goodrx.com/,2019-03-07 00:00:00
com.joom,joom.com/,2019-06-07 00:00:00
com.clearchannel.iheartradio.controller,iheart.com/,2019-03-07 00:00:00
mappstreet.wordmapp,www.mappstreet.com/,2019-03-05 00:00:00
com.cyberdome.hordecall,www.oatek.net/,2019-05-06 00:00:00
com.quickmouse,constructdevelopers.com.br/,2019-05-17 00:00:00
com.adknown.evasivesnake,adknown.com/,2019-06-15 00:00:00
com.boachsoft.plata,www.boachsoft.com/,2019-03-09 00:00:00
com.mobilewaronline.wwr,mobilewar-online.com/,2019-03-05 00:00:00
com.mediapro.ubeat,ubeat.tv/,2019-04-18 00:00:00
com.pepper.pay,pepper.co.il/,2019-03-12 00:00:00
com.dashlane,www.dashlane.com/,2019-03-12 00:00:00
ru.auto.ara,auto.ru/,2019-03-10 00:00:00
com.ballfuncasual.game,joroizin.github.io/,2019-03-15 00:00:00
in.amazon.mShop.android.shopping,www.amazon.in/,2019-03-27 00:00:00
mappstreet.sokoban,www.mappstreet.com/,2019-03-05 00:00:00
com.wetter.androidclient,www.wetter.com/,2019-03-28 00:00:00
forex.trading.fx.trade,privacypolicy-lr.yolasite.com/,2019-03-15 00:00:00
com.curiosity.curiositystream,curiositystream.com/,2019-03-19 00:00:00
com.health.user.healthoptim,healthoptim.com/,2019-06-07 00:00:00
com.xiwangkeji.plane,sites.google.com/,2019-06-04 00:00:00
de.kaufkick.com,www.kaufkick.com/,2019-03-05 00:00:00
com.truebill,www.truebill.com/,2019-03-20 00:00:00
com.zombierunnerr,constructdevelopers.com.br/,2019-03-31 00:00:00
com.il.mcdelivery,www.mcdelivery.co.in/,2019-04-27 00:00:00
com.dahranegameapp.body,sites.google.com/,2019-04-18 00:00:00
com.SuperHero.Pixel.Color.Number,sites.google.com/,2019-05-13 00:00:00
com.gogps.gogps,www.goazsocial.com/,2019-06-13 00:00:00
com.hrs.b2c.android,www.hrs.com/,2019-04-04 00:00:00
com.avt.AVTMobile,www.bluee.co/,2019-05-13 00:00:00
com.abipbl.upi,www.adityabirla.bank/,2019-03-15 00:00:00
com.curewallpaper.chuckytop,www.tchibo.de/,2019-05-14 00:00:00
com.managetransfer,www.vividwebtechs.com.au/,2019-03-28 00:00:00
com.my.internet.radiosonline.freemusic.fm,docs.google.com/,2019-03-12 00:00:00
com.isoftapps.allxvideodownloader,sites.google.com/,2019-03-26 00:00:00
com.pistachos.jumpaddict,pistachos-games.webnode.ro/,2019-04-18 00:00:00
qureka.live.game.show,qureka.com/,2019-03-07 00:00:00
com.nytimes.android,www.nytimes.com/,2019-03-05 00:00:00
mappstreet.nearbymapp,secure.mappstreet.com/,2019-03-14 00:00:00
com.singleton.helix,www.singletongames.com/,2019-04-04 00:00:00
com.WildWorks.AnimalJamPlayWild,www.animaljam.com/,2019-03-06 00:00:00
com.Ghkgame.mrbooom,www.ghkglobal.games/,2019-04-29 00:00:00
com.myntra.android,www.myntra.com/,2019-03-07 00:00:00
com.n3twork.legendary,www.n3twork.com/,2019-03-26 00:00:00
com.funiza.poolstrike,www.funiza.com/,2019-04-01 00:00:00
com.gamecircus.tycoon,gamecircus.com/,2019-03-15 00:00:00
secret.trick.androidsecretcode,uizdataonline.000webhostapp.com/,2019-03-25 00:00:00
com.quotesandsayings.quotesapp,iquotes.app/,2019-03-19 00:00:00
cocalm.entertainment,www.cocalm.com/,2019-04-15 00:00:00
com.varomoney.varo,varomoney.com/,2019-03-19 00:00:00
com.goodbarber.wfddeals,proappteam.com/,2019-03-05 00:00:00
com.carbonapps.pixelarts,gamzplay.com/,2019-03-26 00:00:00
com.fulltip,www.fulltip.com/,2019-06-05 00:00:00
com.wunderpackage.wundertowerino,www.u-spin.com/,2019-04-18 00:00:00
jp.co.java_conf_t_i.golfscoretablemanagementphoto,greenfusion.storeinfo.jp/,2019-03-11 00:00:00
io.cleanfox.android,www.cleanfox.io/,2019-05-24 00:00:00
com.heineken.LiberApp,www.heinekenespana.es/,2019-04-09 00:00:00
com.ABE.KeWards,abem2018-001-site3.itempurl.com/,2019-03-05 00:00:00
com.edreams.travel,www.edreams.com/,2019-03-15 00:00:00
com.ninjarunn,constructdevelopers.com.br/,2019-05-15 00:00:00
br.com.barberinhomeprovider,figaaro.com/,2019-05-13 00:00:00
solutions.risen.apps.brave_puppy_lite,risen.solutions/,2019-03-16 00:00:00
de.mobileheroes.realmoneyminer,www.goldfever.me/,2019-03-05 00:00:00
com.redskystudio.notes,www.goldfever.me/,2019-04-02 00:00:00
com.scopely.whiplash,scopely.com/,2019-03-29 00:00:00
com.compactive.realcarrace,www.mobwave.com/,2019-04-11 00:00:00
com.linkedin.android,www.linkedin.com/,2019-05-07 00:00:00
com.app.driverkoobilod,www.koobilo.be/,2019-03-24 00:00:00
com.devteammanila.sif,sif.com.ph/,2019-03-27 00:00:00
com.karavai.mrsmiley.android,sites.google.com/,2019-04-09 00:00:00
com.trypotstudios.mad8,www.plug.game/,2019-04-26 00:00:00
com.trigga.youtubeAlarm,www.trigga.com/,2019-05-04 00:00:00
com.xiwangkeji.grasscut,sites.google.com/,2019-04-25 00:00:00
com.sweepzombies,constructdevelopers.com.br/,2019-03-31 00:00:00
com.psafe.msuite,www.psafe.com/,2019-03-08 00:00:00
com.homeworkout.homeworkout,static.wixstatic.com/,2019-06-14 00:00:00
com.rewardsmaker.app,rewardsmaker.com/,2019-03-24 00:00:00
com.inspectorstudios.tommygo,inspectorstudios.com/,2019-04-03 00:00:00
com.ghm.carjump,free2move.com/,2019-03-06 00:00:00
net.bitburst.pollpay,bitburst.net/,2019-03-05 00:00:00
com.callsfreecalls.android,cfc.io/,2019-04-30 00:00:00
com.ai.musicplayer,augmeticinfotech.com/,2019-04-03 00:00:00
com.taiyouxi.jwsus,jwsus.taiyouxi.cn/,2019-04-15 00:00:00
com.phonepe.app,www.phonepe.com/,2019-03-27 00:00:00
com.telugumatrimony,www.telugumatrimony.com/,2019-04-28 00:00:00
com.Chatrandom,chatrandom.com/,2019-04-12 00:00:00
com.openmed,www.openmed.com/,2019-05-22 00:00:00
com.wolfydoki.circusclicker,www.openmed.com/,2019-03-30 00:00:00
com.westernunion.android.mtapp,wucare.westernunion.com/,2019-03-05 00:00:00
com.feelingtouch.clonewar,www.feelingtouch.com/,2019-03-05 00:00:00
com.cricplay,cricplay.com/,2019-06-05 00:00:00
com.BathtubBubbleShooter,www.beastical.com/,2019-03-06 00:00:00
com.bahrigames.candybubble,bahrigames.xyz/,2019-03-07 00:00:00
com.cashtime,www.cash-time-app.com/,2019-03-05 00:00:00
net.ibexsolutions.flow8,www.ibexsolutions.net/,2019-04-18 00:00:00
com.dsmedia.lightrecorder,digitalsightmedia.com/,2019-03-25 00:00:00
in.droom.online_obv_app,orangebookvalue.com/,2019-03-15 00:00:00
com.nurx,www.nurx.com/,2019-05-09 00:00:00
com.bubblefun.shootgame,sites.google.com/,2019-05-25 00:00:00
de.aboutyou.mobile.app,www.aboutyou.de/,2019-04-13 00:00:00
co.longgame.app,www.longgame.co/,2019-04-29 00:00:00
com.gazzapper.asteroids.spaceshooter,www.gazzapper.com/,2019-05-06 00:00:00
com.pacificinteractive.HouseOfFun,www.houseoffun.com/,2019-03-05 00:00:00
com.ahujakamalb.BeautyCare,dkainfosys.blogspot.com/,2019-03-05 00:00:00
com.xoom.android.app,www.xoom.com/,2019-03-08 00:00:00
com.adknown.taxiadventure,adknown.com/,2019-03-28 00:00:00
com.memoryage,constructdevelopers.com.br/,2019-05-20 00:00:00
com.yanosnes.allwallpapers,sites.google.com/,2019-03-07 00:00:00
news.buzzbreak.android,buzzbreak.news/,2019-04-03 00:00:00
com.jellybtn.boardkings,www.jellybtn.com/,2019-03-05 00:00:00
com.programmingbiters,casablancadream.com/,2019-03-11 00:00:00
com.ymbsm.your_puzzles_arc,www.ymbsm.com/,2019-03-05 00:00:00
pl.innogy.go,www.innogygo.pl/,2019-05-14 00:00:00
de.payback.client.android,www.payback.de/,2019-03-28 00:00:00
com.increaserealfollowersandlikes,ufollowme.nl/,2019-03-29 00:00:00
com.platfomni.rulybka,vigroup.ru/,2019-05-24 00:00:00
com.taskbucks.taskbucks,www.taskbucks.com/,2019-03-06 00:00:00
com.faceitforme.duuple,www.duuple.com/,2019-04-26 00:00:00
com.generalmotors.urbanactive.cityone,www.maven.com/,2019-04-03 00:00:00
de.mobileheroes.quizfriends,quizfriends.co/,2019-03-05 00:00:00
com.Fox3D.ZeusPot,www.zeuspot.com/,2019-05-28 00:00:00
com.platogo.pmp,www.slotpark.com/,2019-05-15 00:00:00
com.askfm,support.ask.fm/,2019-03-08 00:00:00
com.interestinggame.snowball,sites.google.com/,2019-06-17 00:00:00
com.testbook.tbapp,testbook.com/,2019-03-27 00:00:00
com.cleaner.battery.sharhan,www.freeprivacypolicy.com/,2019-06-14 00:00:00
com.check1two.jukebox,check1two.com/,2019-03-27 00:00:00
com.amble.isai,isaiapp.com/,2019-06-07 00:00:00
com.games.galaxyrocke,cashking.pw/,2019-03-29 00:00:00
com.photo3doverlayeditor.photoblendermixer.photoeditorapp,www.videoeditorlab.com/,2019-05-08 00:00:00
com.reminder.todo,ciamedia.com/,2019-03-26 00:00:00
com.gwersdoerfer.travelexpensemanager,docs.google.com/,2019-05-20 00:00:00
com.squareup.cash,cash.me/,2019-05-04 00:00:00
ru.petstory.androidapp,www.petstory.ru/,2019-05-21 00:00:00
com.ninjagoo,nantediamante81.com.br/,2019-04-12 00:00:00
com.carezone.caredroid.careapp.medications,carezone.com/,2019-04-27 00:00:00
com.boxroomgaming.arparkingpro,www.boxroomgaming.com/,2019-04-04 00:00:00
online.trading,termsandprivacypolicy.yolasite.com/,2019-05-05 00:00:00
com.iogenis.newsnetwork,www.cpagrag.com/,2019-04-29 00:00:00
com.brightship,constructdevelopers.com.br/,2019-05-17 00:00:00
com.Chatspin,chatspin.com/,2019-04-12 00:00:00
com.zillow.android.zillowmap,www.zillow.com/,2019-03-12 00:00:00
com.acorns.android,www.acorns.com/,2019-03-18 00:00:00
com.ism.relaxshed,relaxshed.com/,2019-05-08 00:00:00
com.bharatmatrimony,bharatmatrimony.com/,2019-03-25 00:00:00
com.redfin.android,www.redfin.com/,2019-05-04 00:00:00
com.sas.AirForceAttack,www.chameleonwallpaper.club/,2019-04-03 00:00:00
com.shopping.supermarketfever,www.modulesden.com/,2019-03-07 00:00:00
com.igg.clashoflords2,www.igg.com/,2019-03-07 00:00:00
com.game.idle.fantasy,toh.jupiterltd.net/,2019-03-07 00:00:00
com.cbs.ca,www.cbsallaccess.ca/,2019-03-25 00:00:00
playgame.free.scratchers.win.realmoney.lucky.day.casino,s3-us-west-1.amazonaws.com/,2019-04-28 00:00:00
and.onemt.boe.tr,www.onemt.com/,2019-03-12 00:00:00
com.getsubscribersrealviewsreallikes,gekkedeals.nl/,2019-04-02 00:00:00
com.appsolutionag.carfinder,quickappninja.com/,2019-03-17 00:00:00
one.goin.mobile.android,goin.app/,2019-05-06 00:00:00
com.dna.solitaireapp,www.iubenda.com/,2019-05-01 00:00:00
com.AutoTeileBazaar,autoteilebazaar.com/,2019-03-05 00:00:00
gallery.photos.gallery,uizdataonline.000webhostapp.com/,2019-04-03 00:00:00
com.uniksoft.movetosdcardfile,sites.google.com/,2019-03-13 00:00:00
jp.gungho.padEN,www.puzzleanddragons.us/,2019-04-27 00:00:00
com.jellybtn.cashkingmobile,www.jellybtn.com/,2019-03-05 00:00:00
com.onlineclairvoyant,alvaberg.simplesite.com/,2019-03-06 00:00:00
com.appatomic.vpnhub,www.vpnhub.com/,2019-03-05 00:00:00
com.traffic.battle3d.racer,sites.google.com/,2019-03-14 00:00:00
com.Broomudigitals.KanesGamepark,www.broomudigitals.fi/,2019-03-05 00:00:00
net.idt.um.android.bossrevapp,www.bossrevolution.com/,2019-03-23 00:00:00
com.igg.android.casinodeluxebyigg,www.igg.com/,2019-03-18 00:00:00
com.igg.castleclash_ru,www.igg.com/,2019-03-07 00:00:00
com.cbs.app,www.cbs.com/,2019-03-07 00:00:00
exchange.einstein.mobile.release,einstein.exchange/,2019-03-05 00:00:00
com.stubhub,www.stubhub.com/,2019-03-27 00:00:00
com.xteamsoftware.pluggygameshunter,www.xteamsoftware.com/,2019-03-30 00:00:00
com.maxivu,www.maxivu.com/,2019-03-05 00:00:00
com.fenixgames.astroknight,youtu.be/,2019-04-09 00:00:00
com.luckytrivialive,www.luckytrivialive.com/,2019-05-06 00:00:00
com.mediamol.moneytree,www.qp-king.com/,2019-03-13 00:00:00
air.com.buffalo_studios.newflashbingo,www.playtika.com/,2019-03-05 00:00:00
com.surveysampling.mobile.quickthoughts,www.quickthoughtsapp.com/,2019-03-05 00:00:00
com.dpoint.wolfslots,geterewards.com/,2019-03-05 00:00:00
mappstreet.spacelive,www.mappstreet.com/,2019-03-05 00:00:00
com.ticno.olymptrade,olymptrade.com/,2019-03-07 00:00:00
net.ilius.android.match,m.europe.match.com/,2019-06-14 00:00:00
scratch.lucky.money.free.real.big.win,g.luckymoney.vip/,2019-05-06 00:00:00
com.fishverify,www.fishverify.com/,2019-04-05 00:00:00
com.yourtravelmates,www.yourtravelmates.com/,2019-03-29 00:00:00
io.appsly.drinkwater,appsly.io/,2019-03-26 00:00:00
com.jabong.android,www.jabong.com/,2019-03-28 00:00:00
com.animalsrun,constructdevelopers.com.br/,2019-05-14 00:00:00
com.kobobooks.android,www.kobo.com/,2019-03-07 00:00:00
com.brands4friends.b4f,www.brands4friends.de/,2019-03-30 00:00:00
com.drawingsapp.shopkin,ldrawsomethings.blogspot.com/,2019-03-26 00:00:00
walking.pedometer.fit.stepcounter,bit.ly/,2019-03-28 00:00:00
org.adadventure.bestapp,adadventure.org/,2019-03-07 00:00:00
com.matchington.mansion,www.firecraftstudios.com/,2019-03-05 00:00:00
com.westernunion.moneytransferr3app.es,www.westernunion.com/,2019-04-18 00:00:00
com.economist.darwin,www.economist.com/,2019-05-09 00:00:00
com.bestshootinggames.callofhonor,www.morethanjustagame.be/,2019-05-27 00:00:00
io.meter.wallet,www.meter.io/,2019-05-14 00:00:00
com.rexground.bouncyball,www.freeprivacypolicy.com/,2019-05-06 00:00:00
com.ing.twyp,www.twyp.com/,2019-03-07 00:00:00
com.freezingshot,constructdevelopers.com.br/,2019-04-18 00:00:00
com.com2us.slroh.normal.freefull.google.global.android.common,www.withhive.com/,2019-03-07 00:00:00
co.plano,plano.co/,2019-06-14 00:00:00
com.quizstars.thdyllm,quickappninja.com/,2019-04-18 00:00:00
com.veraxen.jigsawpuzzlescollectionhd,veraxen.com/,2019-05-16 00:00:00
com.russellraymond.holdandrelease,privacypolicies.com/,2019-04-25 00:00:00
com.hopemobi.carbump3dcorpse,sites.google.com/,2019-05-09 00:00:00
com.CarRaceBike.DirtBikeMotocross,al-khawarizimisoft.com/,2019-03-05 00:00:00
com.rakainc.islamiczone,nebula.000webhostapp.com/,2019-03-07 00:00:00
com.idea.ideamoney,www.adityabirla.bank/,2019-03-11 00:00:00
com.nnnow.arvind,www.nnnow.com/,2019-03-28 00:00:00
com.ingendroid.audiorecorder,yourbrand.pk/,2019-04-02 00:00:00
com.jobskout,www.jobskout.com/,2019-03-06 00:00:00
com.cmcm.live,www.liveme.com/,2019-03-12 00:00:00
com.berminal.bermi,bermi.tv/,2019-03-06 00:00:00
com.billiyo,www.billiyo.com/,2019-03-26 00:00:00
com.servicemagic.pros,www.homeadvisor.com/,2019-03-28 00:00:00
com.showtime.standalone,www.showtime.com/,2019-04-28 00:00:00
com.animalblocksrunner,jeanmonyson.com.br/,2019-05-21 00:00:00
com.ihippogame.bioblast,www.ihippogame.com/,2019-04-27 00:00:00
com.ycffanapp.prod,www.yourcallfootball.com/,2019-03-07 00:00:00
com.mytoz.app,www.mytoz.com/,2019-04-18 00:00:00
com.chagmagames.watchkit,chagmagames.xyz/,2019-03-15 00:00:00
com.creditsesame,www.creditsesame.com/,2019-04-03 00:00:00
com.sublinkpro.app,www.sublinkpro.com/,2019-03-19 00:00:00
com.drop.loyalty.android,www.earnwithdrop.com/,2019-03-18 00:00:00
com.monk.islandbrilliantadventre,sites.google.com/,2019-06-17 00:00:00
com.rewardsy.app,www.voyage.network/,2019-03-07 00:00:00
com.reverbs.foxvsbearadventure,www.reverbs.net/,2019-04-17 00:00:00
io.curio,www.curio.io/,2019-05-15 00:00:00
com.rajipokertexasstrike.com,sites.google.com/,2019-04-09 00:00:00
com.chuanmo.poly,lowpolydata.cmeverapi.com/,2019-03-07 00:00:00
com.photoaffections.freeprints,www.freeprints.com/,2019-03-05 00:00:00
com.deadwik.darkweb,winnybrown.wordpress.com/,2019-04-03 00:00:00
com.murrayhilltech.Password_VaultFREE,winnybrown.wordpress.com/,2019-03-19 00:00:00
com.gamethefuture.tweeterwars,www.game-the-future.com/,2019-03-14 00:00:00
com.invire,www.goinvire.com/,2019-04-27 00:00:00
com.bp.mobile.bpme.us,www.mybpstation.com/,2019-03-15 00:00:00
com.igg.castleclash,www.igg.com/,2019-03-07 00:00:00
upgames.pokerup.android,www.pokerup.net/,2019-03-13 00:00:00
pch.apps.pchsweeps,pch.custhelp.com/,2019-06-13 00:00:00
com.moneylion,www.moneylion.com/,2019-03-05 00:00:00
com.agicent.irx,www.smartirx.com/,2019-05-05 00:00:00
com.stove.epic7.google,mobile.smilegatemegaport.com/,2019-03-15 00:00:00
com.rubicoin.invest,www.mywallst.com/,2019-03-08 00:00:00
com.nguyentaihoa.jewelandgems.jewelsstarmatchingadventure,mvtuts.com/,2019-03-05 00:00:00
com.animalracing,jeanmonyson.com.br/,2019-05-17 00:00:00
com.igg.castleclash_de,www.igg.com/,2019-03-05 00:00:00
ru.dodopizza.app,dodopizza.ru/,2019-03-27 00:00:00
com.aofl.readingiq.google,www.readingiq.com/,2019-05-10 00:00:00
com.aqupepgames.projectpepe,scopely.com/,2019-05-06 00:00:00
com.nextdoor,www.nextdoor.com/,2019-03-15 00:00:00
com.fabhotels.guests,www.fabhotels.com/,2019-03-25 00:00:00
com.adknown.animalpals,adknown.com/,2019-06-15 00:00:00
live.cricketlab.zigzag,adknown.com/,2019-05-15 00:00:00
com.zynga.words3,www.zynga.com/,2019-03-05 00:00:00
com.cavemonster,www.contatothiper.com.br/,2019-03-05 00:00:00
com.tapgen.featurepoints,featurepoints.com/,2019-03-29 00:00:00
si.ngnmedia.mynanny,www.ngn.si/,2019-03-27 00:00:00
com.adknown.cruiseshiphunter,adknown.com/,2019-05-22 00:00:00
com.bahrigames.monkeybubble,bahrigames.xyz/,2019-03-05 00:00:00
com.zhiliaoapp.musically,www.tiktok.com/,2019-03-15 00:00:00
com.candyfarm,constructdevelopers.com.br/,2019-05-17 00:00:00
appymaker.soularas,www.i-aegean.com/,2019-03-26 00:00:00
travel.city.android,new.city.travel/,2019-05-04 00:00:00
com.unfollowers.indumaniq,www.changhaikeji.com/,2019-05-18 00:00:00
com.zoomcar,www.zoomcar.com/,2019-06-17 00:00:00
com.holonis,www.holonis.com/,2019-04-15 00:00:00
coms.example.alsrl.likeone,likeone123.cafe24.com/,2019-03-05 00:00:00
com.kamagames.pokerist,kamagames.com/,2019-06-06 00:00:00
com.subway.mobile.subwayapp03,www.subway.com/,2019-06-16 00:00:00
com.twitchgames.CRAZY_RUNNING,youtuberswar.com/,2019-06-04 00:00:00
com.kg.ringspuzzle,www.paymagnet.com/,2019-05-03 00:00:00
com.koovs.fashion,www.koovs.com/,2019-03-14 00:00:00
movie.downloader.moviedownloader,squareupgame.wordpress.com/,2019-05-25 00:00:00
com.bountywall.app,bountywall.com/,2019-04-04 00:00:00
com.sharedbike.bloom,www.bloomsharing.com/,2019-03-07 00:00:00
com.adiony.matches,qe-apps.com/,2019-04-15 00:00:00
com.loginext.tracknext,loginextsolutions.com/,2019-03-05 00:00:00
com.lab465.SmoreApp,getsmo.re/,2019-05-27 00:00:00
myappfreesrl.com.myappfree,www.myappfree.com/,2019-04-09 00:00:00
de.mobileconcepts.cyberghost,www.cyberghostvpn.com/,2019-05-09 00:00:00
com.inshamobile,www.getinsha.com/,2019-04-29 00:00:00
uk.co.thetimes,www.timesplus.co.uk/,2019-03-05 00:00:00
com.pocket.starmatch3,www.bilivfun.com/,2019-05-07 00:00:00
online.moneyrawr.app,moneyrawr.online/,2019-03-15 00:00:00
com.rta.mazetwist,www.redtwoapps.co.uk/,2019-05-07 00:00:00
in.swiggy.android,swiggy.in/,2019-03-27 00:00:00
com.mojoapps.hotindianchat,mojoapps123.blogspot.com/,2019-03-26 00:00:00
com.karrot,www.airtimerewards.co.uk/,2019-04-15 00:00:00
com.fetchrewards.fetchrewards.hop,www.fetchrewards.com/,2019-05-13 00:00:00
com.zzkko,www.shein.com/,2019-03-19 00:00:00
co.say.android,www.say.co/,2019-05-09 00:00:00
com.giftswall,tylcham.com/,2019-03-05 00:00:00
com.snoorkerball,constructdevelopers.com.br/,2019-04-13 00:00:00
net.uslotto.us_lottery,whoseapps.com/,2019-06-07 00:00:00
com.cyberwoody.wakandaburger,tylcham.com/,2019-03-10 00:00:00
com.satyasys.pocketcops,www.satyasys.com/,2019-05-03 00:00:00
com.dsmedia.fasttodo,digitalsightmedia.com/,2019-03-24 00:00:00
com.marekm.bilderwort,quickappninja.com/,2019-03-05 00:00:00
com.mfine,www.mfine.co/,2019-05-06 00:00:00
com.errolapplications.bible365kjv,www.errolapps.com/,2019-05-05 00:00:00
com.global4tech.speakerboost.lite,www.workdo.co/,2019-03-30 00:00:00
com.camelgames.wof,d326ffnh2ta1t0.cloudfront.net/,2019-03-27 00:00:00
com.phonegap.rxpal,pharmeasy.in/,2019-03-07 00:00:00
com.prepass.eld,prepass.com/,2019-04-29 00:00:00
com.rockpapers,jeanmonyson.com.br/,2019-05-17 00:00:00
com.dipan.feelingtouch.godfather,www.feelingtouch.com/,2019-04-03 00:00:00
uk.co.telegraph.android,www.telegraph.co.uk/,2019-05-15 00:00:00
com.joinroot.root,www.joinroot.com/,2019-03-14 00:00:00
com.clearscore.mobile,www.clearscore.com/,2019-03-12 00:00:00
com.funkyfinch.lovetest,www.clearscore.com/,2019-04-02 00:00:00
com.libertex.mobile,www.libertex.com/,2019-04-28 00:00:00
com.mediamol.pigquiz,golden-pig-app.com/,2019-03-06 00:00:00
com.spuul.android,spuul.com/,2019-03-12 00:00:00
com.flipkart.android,www.flipkart.com/,2019-03-28 00:00:00
com.finabanx.droid.icash,icash.ca/,2019-03-25 00:00:00
com.codereader.yeeqrcode,goqr.me/,2019-03-05 00:00:00
com.new.network.sms.instant.all.messenger,docs.google.com/,2019-05-18 00:00:00
de.sec.mobile,www.lidl-info.com/,2019-04-12 00:00:00
com.app.kolloki,www.kolloki.co/,2019-03-05 00:00:00
com.fanduel.android.self,www.fanduel.com/,2019-04-03 00:00:00
com.jumpball.red.game,sites.google.com/,2019-03-14 00:00:00
com.venninteractive.workout,www.venninteractive.com/,2019-03-24 00:00:00
vip.luckfun.fortune,luckfun.vip/,2019-03-13 00:00:00
com.readdly,andromo.com/,2019-05-22 00:00:00
scratch.win.luckyfortune,g.goodfortunes.vip/,2019-05-17 00:00:00
com.tubitv,tubitv.com/,2019-04-29 00:00:00
mappstreet.horoscope,www.mappstreet.com/,2019-03-07 00:00:00
com.adekado.com.app,adekado.com/,2019-06-14 00:00:00
com.cancerdev.gangstersupermoto,cancerdev.blogspot.com/,2019-03-18 00:00:00
binaltd.haotef,www.binaa.co.il/,2019-03-26 00:00:00
hotspotshield.android.vpn,www.hotspotshield.com/,2019-03-23 00:00:00
com.ocito.laredoute,www.laredoute.fr/,2019-05-17 00:00:00
app.timeserver,timeserver.app/,2019-03-14 00:00:00
com.knizak.uptothesun,www.knizak.info/,2019-03-27 00:00:00
com.hotheadgames.google.beta.idle_golf,www.hotheadgames.com/,2019-06-13 00:00:00
yearoftheboys.spacezodiacs,space-zodiacs.com/,2019-05-19 00:00:00
com.here.mobility.somo,somo.com/,2019-06-13 00:00:00
com.candyfruits,constructdevelopers.com.br/,2019-05-17 00:00:00
com.doro4028.iggcleaner,abm.2015game.com/,2019-06-17 00:00:00
com.Baskgames.AMAZE,www.baskgame.com/,2019-04-18 00:00:00
net.clashbox.www,www.clashbox.net/,2019-06-13 00:00:00
com.stitcher.app,stitcher.com/,2019-03-11 00:00:00
com.pks.plankkstudio,www.plankk.com/,2019-04-28 00:00:00
de.tui.tuicom,www.tui.com/,2019-03-15 00:00:00
com.freegame.robot,499287550.wixsite.com/,2019-06-04 00:00:00
com.graymatrix.did,www.zee5.com/,2019-03-15 00:00:00
com.appsrise.mylockscreen,www.mylockscreen.de/,2019-03-05 00:00:00
br.com.barberinhome,figaaro.com/,2019-05-13 00:00:00
com.cyborion.contactsbackup,cyborion.com/,2019-04-25 00:00:00
com.adknown.bigpigranch,adknown.com/,2019-05-22 00:00:00
com.dollarswall.client,dollarswall.com/,2019-03-11 00:00:00
com.droidhang.ad,www.droidhen.com/,2019-05-14 00:00:00
com.hunnenkoenig.deadlybird,www.hunnenkoenig.com/,2019-04-29 00:00:00
com.bekground.aylife,www.aylife.de/,2019-05-07 00:00:00
com.thumbtack.consumer,www.thumbtack.com/,2019-03-08 00:00:00
com.indiaBulls,www.indiabullsdhani.com/,2019-03-07 00:00:00
com.airfrance.android.dinamoprd,www.airfrance.fr/,2019-03-19 00:00:00
com.tarotlife.tarot.card.reading.numerology,www.innovanatechlabs.com/,2019-05-16 00:00:00
savagebearteam.minesmasher,www.invader.be/,2019-03-14 00:00:00
com.traffic.street.speed.racer,sites.google.com/,2019-04-19 00:00:00
com.playtika.caesarscasino,www.playtika.com/,2019-03-05 00:00:00
com.marktguru.mg2.de,www.marktguru.de/,2019-03-15 00:00:00
com.laultimaoportunidad.tower,laultimaoportunidad.com/,2019-05-13 00:00:00
com.giftpanda,www.giftpanda.mobi/,2019-03-05 00:00:00
com.funny.riseup,www.awarepedia.com/,2019-06-04 00:00:00
com.rtaapps.skillsforalexa,www.redtwoapps.co.uk/,2019-04-09 00:00:00
com.freeediamons.guidefree,sites.google.com/,2019-04-16 00:00:00
com.coosha.cooshacalendar,www.cooshacalendar.com/,2019-04-11 00:00:00
com.racedrift,www.jeanmonyson.com.br/,2019-03-08 00:00:00
com.destruction.seadevils,pingout.com/,2019-03-05 00:00:00
com.freegamestudios.nbaplayers,quickappninja.com/,2019-05-05 00:00:00
com.papps.CrazySpeedCars,www.managethecompany.com/,2019-06-13 00:00:00
com.freelovepsychic,freepsychicreading0.wixsite.com/,2019-03-06 00:00:00
com.isavemagazine.igogig,www.side-hustleapp.com/,2019-04-10 00:00:00
mappstreet.mohjong_solitaire,www.mappstreet.com/,2019-03-05 00:00:00
com.hyosogames.bestidlecooking,hyosogames.wordpress.com/,2019-03-27 00:00:00
com.funkyfinch.happyegg,ciamedia.com/,2019-04-27 00:00:00
com.acorn.tv,www.acorn.tv/,2019-03-08 00:00:00
com.plarium.vikings,www.plarium.com/,2019-03-11 00:00:00
com.onemainstream.smithsonia.android,watch.smithsonianchannel.com/,2019-03-12 00:00:00
com.travelerbuddy.app,www.travelerbuddy.com/,2019-05-07 00:00:00
com.bahrigames.juicefresh,bahrijuicefresh.xyz/,2019-03-05 00:00:00
com.bhanuapps.batteryringfree,www.yogeshdama.com/,2019-04-18 00:00:00
com.skybet.super6,super6.skysports.com/,2019-03-05 00:00:00
com.humblecasino.game,humblecasino.com/,2019-03-31 00:00:00
com.candypotions,constructdevelopers.com.br/,2019-05-14 00:00:00
mappstreet.videotimer,www.mappstreet.com/,2019-03-06 00:00:00
com.igg.bzbee.deckheroes,www.igg.com/,2019-03-07 00:00:00
swiftpeed.tvseries,sut.com.ng/,2019-05-04 00:00:00
com.cbslocal.cbsyourday,cbsyourday.com/,2019-05-19 00:00:00
com.appyogi.directapp_whatsapp,appyogi.com/,2019-03-10 00:00:00
com.softlookup.weather,www.softlookup.com/,2019-04-29 00:00:00
mappstreet.mycalsports,www.mappstreet.com/,2019-04-11 00:00:00
mappstreet.com.fakegpslocation,www.mappstreet.com/,2019-04-10 00:00:00
live.voltageapps.colorfilter,www.forcecloud.be/,2019-04-04 00:00:00
com.ekkorr.endlessfrontier.global,s3.ap-northeast-2.amazonaws.com/,2019-06-04 00:00:00
com.damtechdesigns.kbc,damtechdesigns.com/,2019-05-17 00:00:00
com.servicemagic.consumer,www.homeadvisor.com/,2019-03-20 00:00:00
com.taichu.Mystery,www.gameloft.com/,2019-04-12 00:00:00
com.hqgames.pencil.sketch.photo,sites.google.com/,2019-03-09 00:00:00
live.outsourceapps.roundandround,outsourceapps.live/,2019-03-26 00:00:00
com.golich.golion,g.trackmyappeigt.club/,2019-05-07 00:00:00
com.lamoda.lite,lamoda.ru/,2019-05-15 00:00:00
live.stream.thequk,www.q-live.co.uk/,2019-03-05 00:00:00
com.clerkie.clerkieandroid,www.clerkie.io/,2019-05-13 00:00:00
com.anmedia.wowcher.ui,www.wowcher.co.uk/,2019-03-05 00:00:00
com.rakainc.fatburningfoods,nebula.000webhostapp.com/,2019-03-07 00:00:00
com.darksnake,jeanmonyson.com.br/,2019-05-22 00:00:00
com.vamp.colorism,curatedcontentltd.com/,2019-05-04 00:00:00
com.ss.android.ugc.trill,www.bytedance.com/,2019-03-26 00:00:00
com.alibaba.intl.android.apps.poseidon,www.alibaba.com/,2019-05-13 00:00:00
com.csaa.room8.providerRepository,www.room8.io/,2019-05-20 00:00:00
com.cook.cookinggamesmarch2,www.modulesden.com/,2019-05-06 00:00:00
com.marktguru.android,www.marktguru.at/,2019-03-30 00:00:00
com.bossrevolution.money.production,bossrevolution.com/,2019-04-30 00:00:00
de.clark.app,www.clark.de/,2019-05-15 00:00:00
info.bitchanger.worldnews,www.clark.de/,2019-04-09 00:00:00
com.SMCode.DeliverIt,sm-code.com/,2019-05-05 00:00:00
com.gamytech.CoinRush,www.gamytech.com/,2019-03-25 00:00:00
eu.devacon.emodat.forms,www.devacon.eu/,2019-05-05 00:00:00
com.xiwangkeji.grasscut2,sites.google.com/,2019-05-16 00:00:00
com.goalkeeperr,constructdevelopers.com.br/,2019-05-17 00:00:00
net.rewarderr.client,rewarderr.net/,2019-06-14 00:00:00
com.realfollowerspro,onlineshops.nu/,2019-03-30 00:00:00
com.ncaa.mmlive.app,mmlfaq.ncaa.com/,2019-03-17 00:00:00
com.appsuy.vivipiria,vivipiria.uy/,2019-06-04 00:00:00
com.FractumInnovations.HyperlaneRunner,www.fractuminnovations.com/,2019-04-29 00:00:00
com.adknown.brainsquared,adknown.com/,2019-04-03 00:00:00
com.skware.policechase,skware.co.uk/,2019-03-07 00:00:00
il.co.arkia,www.arkia.co.il/,2019-06-07 00:00:00
com.cooking.cookingworldgame,www.modulesden.com/,2019-03-08 00:00:00
com.muzmatch.muzmatchapp,www.muzmatch.com/,2019-03-15 00:00:00
com.dizzipay.allbanks,www.dizzipay.com/,2019-05-06 00:00:00
com.vegawallet.in,www.VegaWallet.com/,2019-03-14 00:00:00
infinity.music,sites.google.com/,2019-06-04 00:00:00
com.xdapp.cleaning,sunz.xyz/,2019-03-22 00:00:00
com.swansoft.unitesteps,www.azoomee.com/,2019-03-29 00:00:00
makemoneyapp.eu,novaforen.com/,2019-03-26 00:00:00
com.wonder.saver,squadronb.blogspot.com/,2019-03-27 00:00:00
com.getrealfollowersboost,followers-and-leaders.com/,2019-04-03 00:00:00
com.app.snoopie,dappspost.com/,2019-03-14 00:00:00
com.playfirst.cookingdashx,www.glu.com/,2019-03-05 00:00:00
com.betips.hp.goal,t.me/,2019-03-27 00:00:00
com.livegame.afrochicken,www.livenowgames.com/,2019-05-13 00:00:00
de.bauhaus.umzugshelfer,www.bauhaus.info/,2019-03-28 00:00:00
net.webappradio.radionoveminutos,noveminutos.com/,2019-03-05 00:00:00
com.paisabazaar,www.paisabazaar.com/,2019-03-07 00:00:00
com.truthfinderpsp.app,www.truthfinder.com/,2019-05-15 00:00:00
com.aol.mobile.aolapp,aol.uservoice.com/,2019-03-11 00:00:00
com.ByteRockers_Games.Purrling,www.byterockers.games/,2019-03-05 00:00:00
net.appbounty.android,www.appbounty.net/,2019-03-05 00:00:00
messenger.social.chat.messenger,messenger2020.home.blog/,2019-04-19 00:00:00
com.colorgames.colorcross,sites.google.com/,2019-05-05 00:00:00
com.mygo.user,mygo.tech/,2019-03-17 00:00:00
mappstreet.videoeditor,www.mappstreet.com/,2019-03-25 00:00:00
com.finwizard.myway,mywaywealth.com/,2019-03-25 00:00:00
com.diandian.gog,funplus.aihelp.net/,2019-06-04 00:00:00
com.MoonlightGaming.QuizTravel,dehlin.net/,2019-03-27 00:00:00
com.fiftyfivepixels.weevilworld,www.weevilworld.com/,2019-04-02 00:00:00
com.innogames.foeandroid,www.innogames.com/,2019-03-05 00:00:00
com.wawlletapp,wawllet.com/,2019-03-28 00:00:00
com.youdagames.gop3multiplayer,www.governorofpoker.com/,2019-05-07 00:00:00
com.puzzle.challange,www.governorofpoker.com/,2019-03-16 00:00:00
com.semsemappz.jigsawanimals,discountsbargain.tumblr.com/,2019-04-29 00:00:00
com.gifygift.ecard,gifygift.com/,2019-03-23 00:00:00
com.scopely.startrek,www.scopely.com/,2019-05-08 00:00:00
com.hts.ams,www.volcanogames.com/,2019-03-25 00:00:00
com.klab.captain283.global,www.tsubasa-dreamteam.com/,2019-04-27 00:00:00
com.game.choco.match,www.appimize.com/,2019-04-23 00:00:00
com.phonebook.theredcorner,www.phonebook.nl/,2019-05-24 00:00:00
com.freevpnintouch,www.betternet.co/,2019-03-15 00:00:00
com.e_estatesapp.www,e-estatesapp.com/,2019-04-04 00:00:00
com.project.dipinpj.ipl2019,sites.google.com/,2019-04-04 00:00:00
com.woovly.bucketlist,www.woovly.com/,2019-05-17 00:00:00
com.sappalodapps.callblocker,ciamedia.com/,2019-04-26 00:00:00
flash.caller.announcer.alert.block,ciamedia.com/,2019-03-28 00:00:00
com.awesome.ting,Jfounode-env.xpcmhqqwdk.ap-northeast-2.elasticbeanstalk.com/,2019-04-18 00:00:00
com.florestblocks,constructdevelopers.com.br/,2019-04-25 00:00:00
com.perblue.disneyheroes,perblue.com/,2019-03-05 00:00:00
com.fredbaxterc.distortion,quickappninja.com/,2019-05-26 00:00:00
com.mobisoft.boon,boondirect.com/,2019-04-16 00:00:00
mappstreet.emojisearch,secure.mappstreet.com/,2019-03-25 00:00:00
com.moladin.android,moladin.com/,2019-04-03 00:00:00
com.adabassar.voteszones,www.adabassar.com/,2019-05-22 00:00:00
fr.bravenewmedia.cora.houdemont,www.bravenewmedia.fr/,2019-04-18 00:00:00
com.ebates,www.ebates.com/,2019-03-07 00:00:00
net.playtouch.draculafrankensteinco,www.playtouch.net/,2019-03-11 00:00:00
company.coinpop.coinpop,coinpop.online/,2019-03-05 00:00:00
com.dacsee,dacsee.com/,2019-03-18 00:00:00
com.lilithgame.hgame.gp,www.lilithgames.com/,2019-03-12 00:00:00
com.airallow.enclave,airallow.com/,2019-03-05 00:00:00
com.avatrade.mobile,www.avatrade.com/,2019-03-05 00:00:00
vacay.fyi.nearby.business.laxmisoft.appstarllc,appstarllc.com/,2019-03-11 00:00:00
com.zimad.museum,zimad.com/,2019-03-13 00:00:00
com.poolgame.pro.mania,www.gamedroidlabs.com/,2019-05-03 00:00:00
online.cashalarm.app,cashalarm.online/,2019-03-26 00:00:00
com.ayrawf.worldcandyveggies,www.addisonlee.com/,2019-05-07 00:00:00
com.dynavix.navigation,www.dynavix.com/,2019-04-18 00:00:00
com.mei,textmei.com/,2019-03-07 00:00:00
net.lovoo.android,www.lovoo.com/,2019-03-12 00:00:00
ru.lycurggame.fishfarm,lycurggame.ru/,2019-04-29 00:00:00
com.candypopsicle,constructdevelopers.com.br/,2019-05-14 00:00:00
com.playstudios.popslots,www.playstudios.com/,2019-03-05 00:00:00
com.zynga.livepoker,zyngasupport.helpshift.com/,2019-03-08 00:00:00
games.ouzo.piece_of_mind,www.ouzo.games/,2019-06-07 00:00:00
com.wingjoy.rohglobal,www.wingjoy.com/,2019-05-08 00:00:00
com.heatherglade.zero2hero,heatherglade.com/,2019-04-25 00:00:00
com.R_Services.Memory,cryptosheifo.com/,2019-06-04 00:00:00
com.turner.captainplanet,adultswim.com/,2019-04-23 00:00:00
com.zigmos.my.app56fff445d65b4,www.zigmos.com/,2019-04-09 00:00:00
com.stash.stashinvest,www.stashinvest.com/,2019-05-06 00:00:00
com.bodybuilding.rise,www.bodybuilding.com/,2019-03-06 00:00:00
com.megalabs.megafon.tv,megafon.tv/,2019-04-16 00:00:00
com.comunix.pokerface,getcomunix.com/,2019-04-28 00:00:00
com.siriustraffic.harakhti1,siriustraffic.com/,2019-06-13 00:00:00
com.tapwarss,jeanmonyson.com.br/,2019-05-23 00:00:00
com.lilithgame.roc.gp,www.lilithgames.com/,2019-03-05 00:00:00
com.bloomyapp,bloomyapp.com/,2019-04-15 00:00:00
com.richleague,termsfeed.com/,2019-03-14 00:00:00
com.UCMobile.intl,www.ucweb.com/,2019-03-10 00:00:00
com.iqoption,iqoption.com/,2019-03-11 00:00:00
com.empegraphics.promoreminder,www.sklep.sport-max.pl/,2019-04-17 00:00:00
com.humayan.hexa,www.appreneursystem.com/,2019-03-15 00:00:00
com.adknown.penguinclimber,adknown.com/,2019-03-31 00:00:00
pt.anjes.space_motion,adknown.com/,2019-03-08 00:00:00
xyz.slingshotapps.rotateescape,www.freeprivacypolicy.com/,2019-03-21 00:00:00
com.bandainamcoent.opbrww,bandainamcoent.co.jp/,2019-03-08 00:00:00
com.nemo.WordGuruPuzzle,zzz.ileadsoft.cn/,2019-03-06 00:00:00
co.pointwise.panelist,www.collekt.co/,2019-03-24 00:00:00
pmlearning.inc,support-pmlearning.blogspot.com/,2019-04-09 00:00:00
app.eventor,eventor.app/,2019-04-12 00:00:00
com.infosys.it.infosysitapp,www.Infosys.com/,2019-06-06 00:00:00
com.buxbo.buxbo,buxbo.app/,2019-06-17 00:00:00
com.dealdash,www.dealdash.com/,2019-04-27 00:00:00
com.ad.oretycoon,thehotgames.com/,2019-03-26 00:00:00
com.westernunion.moneytransferr3app.eu,www.westernunion.com/,2019-03-05 00:00:00
leyi.westgame,privacy-policy.simpysam.com/,2019-04-11 00:00:00
com.coinbase.android,coinbase.com/,2019-03-18 00:00:00
